,ground_truth,ground_truth_offense,ground_truth_defense,shotsAllowedVal,shotsTakenVal,flowEV,tempoEV,defensive_damage,network_strength_eigen_value,algebraic_connectivity,complete_triad_sum,triad_sum,diadic_sum
0,0.0,0.0,0.0,0.0,0.0,2.621440000000001,0.0,0.0,0j,0.0,0,0,0
1,16.800000000000004,8.400000000000002,8.400000000000002,0.0,0.0,29.216277948845256,31.605140000000006,0.0,(4.658373985536889+0j),4.616066632853337,0,3,50
2,11.200000000000001,5.6000000000000005,5.6000000000000005,0.0,0.0,14.089640214528004,28.26662857142846,0.0,(2.9999999999999987+0j),4.6533119314590365,0,1,52
3,6.6,3.8000000000000003,2.8,0.0,41.31004967073722,22.932357119999995,18.602654999999686,5.8578643762690525,(2.0000000000000004+0j),0.0,0,0,28
4,4.199999999999999,2.0999999999999996,2.0999999999999996,0.0,0.0,13.271040000000001,20.741259999999784,0.0,(1.6180339887498942+0j),1.9191106897609143,0,0,0
5,9.8,4.9,4.9,0.0,0.0,34.398535679999995,23.4413299999998,20.0,(2.1149075414767586+0j),4.236067977499793,0,0,0
6,15.400000000000002,7.700000000000001,7.700000000000001,0.0,0.0,47.55253572403199,25.581437499999993,20.0,(3.6051983875237097+0j),4.254290366761984,0,0,24
7,5.6,2.8,2.8,0.0,0.0,19.90656,35.623880000000554,20.0,(1.414213562373095+0j),0.5151380471280704,0,0,0
8,14.000000000000002,7.000000000000001,7.000000000000001,0.0,0.0,61.91736422399999,37.47174444444428,0.0,(3.0468469358303185+0j),4.6052280489417035,0,0,25
9,5.6,2.8,2.8,0.0,0.0,3.4789235097600013,68.53595499999983,20.0,(1.6180339887498942+0j),1.9191106897609143,0,0,0
10,32.19999999999999,16.099999999999994,16.099999999999994,0.0,0.0,325.6190861450887,31.030764210526236,20.0,(6.7235960907370504+0j),5.727276284385325,0,5,125
11,19.6,9.8,9.8,0.0,0.0,40.38858263648368,24.29647555555574,20.0,(2.840682984244965+0j),4.96326102475639,0,1,25
12,0.1,0.0,0.1,0.0,0.0,3.932160000000002,0.0,0.0,0j,0.0,0,0,0
13,8.4,4.2,4.2,0.0,0.0,28.6654464,21.61258000000089,20.0,(1.6180339887498942+0j),1.9191106897609143,0,0,0
14,11.3,6.4,4.9,0.0,45.171778426202316,13.526054605946882,12.716042000000925,20.0,(2.4494897427831774+0j),3.0000000000000018,0,0,26
15,8.4,4.2,4.2,0.0,0.0,14.676708556800001,18.491194999999223,20.0,(2.170086486626032+0j),2.9999999999999996,0,1,0
16,5.6,2.8,2.8,0.0,0.0,3.4789235097600013,23.874510000000463,0.0,(1.6180339887498933+0j),1.9191106897609143,0,0,0
17,2.8,1.4,1.4,0.0,0.0,3.774873600000001,12.200830000001588,0.0,(1+0j),0.0,0,0,0
18,0.0,0.0,0.0,0.0,0.0,1.2369505812480008,0.0,0.0,0j,0.0,0,0,0
19,7.4,4.2,3.2,54.998824192799226,0.0,6.262062317568002,32.70780500000001,20.0,(1.6180339887498942+0j),1.919110689760912,0,0,0
20,8.4,4.2,4.2,0.0,0.0,14.676708556800001,13.403848333333219,0.0,(3.460867324783102+0j),4.396875553873786,0,1,53
21,5.6,2.8,2.8,0.0,0.0,12.740198400000002,24.86832666666563,0.0,(1.6180339887498938+0j),1.9191106897609138,0,0,0
22,4.8,2.6,2.1999999999999997,0.0,0.0,0.8068605857840565,41.568740000002435,10.000000000000007,(1.414213562373095+0j),0.5151380471280699,0,0,0
23,18.200000000000003,9.100000000000001,9.100000000000001,0.0,0.0,1.4802572079401894,19.202956000003724,0.0,(2.170086486626034+0j),3.0000000000000013,0,1,0
24,2.9,1.4,1.5,0.0,0.0,4.1747082117120025,22.541459999988547,20.0,(1+0j),0.0,0,0,0
25,-1.0,0.0,-1.0,44.87388124365456,0.0,2.4159191040000008,0.0,20.0,0j,0.0,0,0,0
26,2.9,1.4,1.5,0.0,0.0,0.2295070110674649,0.0,0.0,0j,0.0,0,0,0
27,4.199999999999999,2.0999999999999996,2.0999999999999996,0.0,0.0,6.262062317568002,35.53082999999788,20.0,(1+0j),0.0,0,0,0
28,5.699999999999999,2.8,2.9,0.0,0.0,0.0038835094582238697,18.65114500000118,0.0,(1.414213562373095+0j),0.5151380471280699,0,0,0
29,9.9,4.9,5.0,0.0,0.0,6.925339958244804,22.64165999999932,0.0,(1+0j),0.0,0,0,0
30,4.299999999999999,2.0999999999999996,2.1999999999999997,0.0,0.0,10.616832,29.784640000000024,0.0,(1+0j),0.0,0,0,0
31,0.0,0.0,0.0,0.0,0.0,1.0307921510400007,0.0,20.0,0j,0.0,0,0,0
32,8.4,4.2,4.2,0.0,0.0,29.85984,28.773809999999997,0.0,(2.82842712474619+0j),0.9999999999999996,0,1,54
33,1.5,0.7,0.8,0.0,0.0,7.077888000000002,7.166809999999941,0.0,(1+0j),0.0,0,0,0
34,8.4,4.2,4.2,0.0,0.0,14.676708556800001,30.11004600000001,20.0,(2+0j),4.23606797749979,0,0,0
35,16.800000000000004,8.400000000000002,8.400000000000002,0.0,0.0,35.05953353861431,21.974044545454593,20.0,(3.9900954447434986+0j),5.4132604250954355,0,0,50
36,7.0,3.5,3.5,0.0,0.0,19.90656,26.14741333333351,0.0,(2.23606797749979+0j),0.3362559632125939,0,0,27
37,11.000000000000002,7.000000000000001,4.000000000000001,142.27098640459553,0.0,0.1589414074442848,23.74240333333205,0.0,(1.6180339887498938+0j),2.5615528128088303,0,0,0
38,14.000000000000002,7.000000000000001,7.000000000000001,0.0,0.0,49.53389137919999,27.535669999999897,0.0,(2.499828101716104+0j),4.272941111470167,0,0,26
39,5.6,2.8,2.8,0.0,0.0,13.271040000000001,27.060643333333395,0.0,(1.7320508075688767+0j),2.794669041199028,0,0,0
40,14.000000000000002,7.000000000000001,7.000000000000001,0.0,0.0,29.21627794884526,26.319271111111043,20.0,(2.602573228873807+0j),4.85644328771405,0,0,53
41,4.199999999999999,2.0999999999999996,2.0999999999999996,0.0,0.0,5.662310400000003,11.235660000000394,0.0,(1.6180339887498942+0j),1.919110689760912,0,0,0
42,7.0,3.5,3.5,0.0,0.0,12.740198400000002,26.9175525,0.0,(1.7320508075688783+0j),2.794669041199027,0,0,0
43,9.9,4.9,5.0,0.0,0.0,0.08317055588097425,27.635263333333263,30.0,(1.7320508075688805+0j),2.7946690411990276,0,0,0
44,7.0,3.5,3.5,0.0,0.0,15.288238080000001,19.60982999999942,20.0,(1.6180339887498942+0j),1.9191106897609143,0,0,0
45,11.200000000000001,5.6000000000000005,5.6000000000000005,0.0,0.0,27.518828543999994,35.29580500000009,20.0,(1.618033988749894+0j),2.5615528128088303,0,0,0
46,1.4,0.7,0.7,0.0,0.0,3.7748736000000016,0.0,20.0,0j,0.0,0,0,0
47,2.8,1.4,1.4,0.0,0.0,5.898240000000001,22.948509999998805,0.0,(1.414213562373095+0j),0.5151380471280704,0,0,0
48,23.799999999999997,11.899999999999999,11.899999999999999,0.0,0.0,46.5276471972292,28.88841333333327,0.0,(5.674292807340051+0j),6.6714076418221,0,1,25
49,0.0,0.0,0.0,0.0,0.0,0.389111007804811,0.0,0.0,0j,0.0,0,0,0
50,3.1999999999999993,2.0999999999999996,1.0999999999999996,53.2459003735075,0.0,6.522981580800002,26.179030000000694,0.0,(1.414213562373095+0j),0.5151380471280699,0,0,0
51,7.1,3.5,3.6,0.0,0.0,0.3304900959371496,19.391076666665867,0.0,(2.2882456112707343+0j),2.574548414817354,0,0,27
52,5.6,2.8,2.8,0.0,0.0,0.8404797768583926,22.53371500000071,0.0,(1.414213562373095+0j),0.5151380471280705,0,0,0
53,5.6,2.8,2.8,0.0,0.0,2.671813255495681,23.92378666666673,20.0,(1.618033988749894+0j),1.919110689760913,0,0,0
54,8.4,4.2,4.2,0.0,0.0,14.676708556799998,24.60307399999965,0.0,(1.80193773580484+0j),3.3565232269559546,0,0,0
55,9.8,4.9,4.9,0.0,0.0,3.54577405862134,25.77407333333364,0.0,(1.414213562373095+0j),2.5615528128088303,0,0,0
56,8.4,4.2,4.2,0.0,0.0,14.089640214528004,22.033441666665873,0.0,(2.379878123384213+0j),2.9999999999999996,0,1,0
57,7.0,3.5,3.5,0.0,0.0,23.887871999999998,29.868149999999787,20.0,(1.732050807568878+0j),2.7946690411990267,0,0,0
58,4.199999999999999,2.0999999999999996,2.0999999999999996,0.0,0.0,8.847360000000002,12.289989999999307,0.0,(1.414213562373095+0j),0.5151380471280705,0,0,0
59,9.8,4.9,4.9,0.0,0.0,28.6654464,19.89167400000042,0.0,(2.9999999999999996+0j),1.0000000000000009,0,1,52
60,22.9,11.699999999999998,11.2,0.0,0.0,94.66074055425861,25.803115833333173,0.0,(3.8773867570100284+0j),4.85788779224461,0,1,25
61,2.8,1.4,1.4,0.0,0.0,2.319282339840001,30.385639999999512,20.0,(1+0j),0.0,0,0,0
62,0.1,0.0,0.1,0.0,0.0,0.16602069666338615,0.0,20.0,0j,0.0,0,0,0
63,4.6,2.8,1.7999999999999998,41.7988932391965,0.0,0.46693320936577354,0.0,20.0,0j,0.0,0,0,0
64,5.199999999999999,3.1,2.0999999999999996,0.0,40.28871396544979,1.7812088369971204,15.738300000000152,0.0,(1.414213562373095+0j),0.5151380471280705,0,0,0
65,0.0,0.0,0.0,0.0,0.0,1.610612736000001,0.0,20.0,0j,0.0,0,0,0
66,7.0,3.5,3.5,0.0,0.0,1.641562064176547,17.894023333333468,0.0,(2.236067977499789+0j),0.33625596321259427,0,0,27
67,18.200000000000003,9.100000000000001,9.100000000000001,0.0,0.0,42.07144024633717,37.69151666666656,0.0,(3.3568390189560553+0j),3.907165848976021,0,2,23
68,8.4,4.2,4.2,0.0,0.0,29.85984,29.630492500000685,0.0,(1.7320508075688805+0j),2.794669041199028,0,0,0
69,6.0,3.5,2.4999999999999996,61.259679916293734,0.0,3.3397665693696013,41.37878499999886,0.0,(1.6180339887498942+0j),1.9191106897609143,0,0,0
70,22.9,11.7,11.2,0.0,0.0,75.7285924434069,24.544388000000406,0.0,(6.222214030476826+0j),7.661909478249993,0,1,76
71,8.4,4.2,4.2,0.0,0.0,28.6654464,34.77983250000079,20.0,(1.7320508075688805+0j),2.794669041199028,0,0,0
72,0.0,0.0,0.0,0.0,0.0,0.27021597764223004,0.0,20.0,0j,0.0,0,0,0
73,9.8,4.9,4.9,0.0,0.0,16.907568257433603,26.43072599999823,0.0,(2.2882456112707357+0j),2.574548414817354,0,0,27
74,7.0,3.5,3.5,0.0,0.0,1.641562064176547,10.36536333333288,10.000000000000002,(2.82842712474619+0j),1.0,0,1,54
75,7.0,3.5,3.5,0.0,0.0,2.6718132554956813,26.589463333332333,20.0,(2.4955076566049215+0j),1.5615528128088296,0,0,0
76,9.8,4.9,4.9,0.0,0.0,14.089640214528004,26.294973333333473,10.000000000000004,(2.524337798962142+0j),2.8512963033083074,0,0,26
77,0.0,0.0,0.0,0.0,0.0,0.9895604649984003,0.0,0.0,0j,0.0,0,0,0
78,2.8,1.4,1.4,0.0,0.0,4.718592000000002,0.0,0.0,(1+0j),0.0,0,0,0
79,9.8,4.9,4.9,0.0,0.0,34.398535679999995,30.263351666666644,20.0,(2.379878123384212+0j),3.0,0,1,0
80,0.1,0.0,0.1,0.0,0.0,4.718592000000001,0.0,20.0,0j,0.0,0,0,0
81,9.8,4.9,4.9,0.0,0.0,1.3942550922348498,14.660595,0.0,(2.0000000000000004+0j),3.6261980685272928,0,0,28
82,5.6,2.8,2.8,0.0,0.0,8.4934656,7.657946666666552,0.0,(2.82842712474619+0j),0.9999999999999996,0,1,54
83,8.5,5.0,3.5,0.0,50.3096036423352,29.85984,25.928643999999963,0.0,(2.8757635815038314+0j),3.1650674338860862,0,1,26
84,0.0,0.0,0.0,0.0,0.0,2.0971520000000012,0.0,0.0,0j,0.0,0,0,0
85,18.200000000000003,9.100000000000001,9.100000000000001,0.0,0.0,52.58930030792147,22.868399999999962,0.0,(3.61991777914573+0j),3.754342068741652,0,0,24
86,-2.0,0.0,-2.0,84.65309493956448,0.0,0.8246337208320004,0.0,0.0,0j,0.0,0,0,0
87,1.4,0.7,0.7,0.0,0.0,3.019898880000001,0.0,20.0,0j,0.0,0,0,0
88,11.200000000000001,5.6000000000000005,5.6000000000000005,0.0,0.0,41.278242815999995,31.26256374999997,20.0,(2.8072939141460376+0j),4.215778168115972,0,0,52
89,5.6,2.8,2.8,0.0,0.0,10.616832,32.984919999998965,0.0,(1.732050807568877+0j),0.6900164415262009,0,0,0
90,9.8,4.9,4.9,0.0,0.0,35.831807999999995,21.219518333333177,0.0,(2.6899940478558304+0j),3.5056651134160566,0,0,53
91,0.0,0.0,0.0,0.0,0.0,0.9895604649984008,0.0,0.0,0j,0.0,0,0,0
92,1.5,0.7,0.8,0.0,0.0,0.22950701106746496,0.0,0.0,0j,0.0,0,0,0
93,29.49999999999999,15.499999999999993,13.999999999999996,0.0,39.181499310879886,80.39977435681207,30.253826153846322,0.0,(3.130208386590276+0j),5.014918870604122,0,0,0
94,13.100000000000001,6.800000000000001,6.300000000000001,0.0,0.0,20.28908190892032,20.5289533333333,20.0,(2.561552812808832+0j),3.999999999999999,0,0,26
95,5.6,2.8,2.8,0.0,0.0,13.271040000000001,32.153403333334154,0.0,(2.2882456112707357+0j),2.229709089133686,0,0,27
96,15.900000000000004,8.200000000000003,7.700000000000001,0.0,0.0,57.06304286883839,22.406546666667158,9.999999999999998,(2.893489471774352+0j),4.082792462975032,0,0,25
97,10.3,5.400000000000001,4.9,0.0,0.0,17.61205026816,21.531640000001367,20.0,(1.6180339887498942+0j),1.919110689760912,0,0,0
98,4.199999999999999,2.0999999999999996,2.0999999999999996,0.0,0.0,0.3735465674926186,8.64889999999832,0.0,(1+0j),0.0,0,0,0
99,7.0,3.5,3.5,0.0,0.0,8.153726976000002,42.432013333335206,0.0,(1.618033988749894+0j),1.919110689760913,0,0,0
100,2.8,1.4,1.4,0.0,0.0,5.898240000000001,66.77979999999934,0.0,(1.414213562373095+0j),0.5151380471280704,0,0,0
101,0.39999999999999986,0.7,-0.3000000000000001,47.31107560537601,0.0,2.5165824000000008,0.0,0.0,0j,0.0,0,0,0
102,7.0,3.5,3.5,0.0,0.0,7.827577896959999,14.708999999998012,20.0,(1+0j),0.0,0,0,0
103,0.0,0.0,0.0,0.0,0.0,1.2369505812480008,0.0,12.679491924311233,0j,0.0,0,0,0
104,0.0,0.0,0.0,0.0,0.0,1.3421772800000007,0.0,0.0,0j,0.0,0,0,0
105,17.300000000000004,8.900000000000002,8.400000000000002,0.0,0.0,35.05953353861431,30.4914500000001,20.0,(3.8016655241368613+0j),4.583938392330319,0,2,51
106,0.0,0.0,0.0,0.0,0.0,3.1457280000000014,0.0,20.0,0j,0.0,0,0,0
107,4.199999999999999,2.0999999999999996,2.0999999999999996,0.0,0.0,1.781208836997121,13.956640000001244,0.0,(1.414213562373095+0j),0.5151380471280699,0,0,0
108,1.0,1.0,0.0,0.0,60.990360287566205,2.013265920000001,0.0,0.0,0j,0.0,0,0,0
109,11.200000000000001,5.6000000000000005,5.6000000000000005,0.0,0.0,21.134460321792005,22.918871428571492,20.0,(2.1515380142230076+0j),4.236067977499788,0,0,0
110,0.1,0.0,0.1,0.0,0.0,1.0307921510400007,0.0,0.0,0j,0.0,0,0,0
111,8.4,4.2,4.2,0.0,0.0,7.827577896960003,26.727443333331088,20.0,(1.7320508075688779+0j),2.7946690411990267,0,0,0
112,4.3999999999999995,2.0999999999999996,2.3,0.0,0.0,0.2203267306247664,20.092896666666697,20.0,(1.6180339887498938+0j),1.9191106897609138,0,0,0
113,5.6,2.8,2.8,0.0,0.0,19.90656,20.07033333333311,20.0,(1.6180339887498942+0j),1.9191106897609143,0,0,0
114,0.1,0.0,0.1,0.0,0.0,0.1992248359960634,0.0,40.0,0j,0.0,0,0,0
115,0.1,0.0,0.1,0.0,0.0,2.0132659200000007,0.0,0.0,0j,0.0,0,0,0
116,7.0,3.5,3.5,0.0,0.0,6.262062317568002,33.73143000000141,20.0,(1+0j),2.5615528128088303,0,0,0
117,13.100000000000001,6.800000000000002,6.300000000000001,0.0,0.0,25.3613523861504,25.865505000000063,20.0,(1.847759065022573+0j),3.732945849890037,0,0,0
118,2.8,1.4,1.4,0.0,0.0,4.718592000000002,4.0520600000002105,0.0,(2.0000000000000004+0j),0.0,0,0,28
119,7.0,3.5,3.5,0.0,0.0,15.288238080000001,20.238557999999784,0.0,(2.488489984622653+0j),2.6981214504153153,0,0,26
120,7.0,3.5,3.5,0.0,0.0,0.44825588099114255,13.806280000000015,20.0,(1.6180339887498942+0j),1.9191106897609143,0,0,0
121,23.799999999999997,11.899999999999999,11.899999999999999,0.0,0.0,113.59288866511034,22.31787083333321,20.0,(3.3547731601465847+0j),4.1799428588077445,0,3,22
122,5.6,2.8,2.8,0.0,0.0,1.4249670695976968,24.95303333333368,0.0,(3.162277660168379+0j),0.45426888434137924,0,0,27
123,7.0,3.5,3.5,0.0,0.0,10.192158720000002,22.492083333333234,0.0,(2.23606797749979+0j),0.3362559632125939,0,0,27
124,0.0,0.0,0.0,0.0,0.0,2.0132659200000007,0.0,20.0,0j,0.0,0,0,0
125,2.9,1.4,1.5,0.0,0.0,0.7295831396340208,33.17978999999923,0.0,(1+0j),0.0,0,0,0
126,4.199999999999999,2.0999999999999996,2.0999999999999996,0.0,0.0,8.4934656,20.73408000000086,0.0,(1.6180339887498942+0j),1.9191106897609143,0,0,0
127,0.0,0.0,0.0,0.0,0.0,3.145728000000001,0.0,0.0,0j,0.0,0,0,0
128,7.0,3.5,3.5,0.0,0.0,15.925248,23.513185000000476,0.0,(1.7320508075688785+0j),2.7946690411990263,0,0,0
129,11.200000000000001,5.6000000000000005,5.6000000000000005,0.0,0.0,17.61205026816,22.46561833333317,0.0,(2.8951065159275284+0j),3.3186862476963648,0,1,26
130,23.799999999999997,11.899999999999999,11.899999999999999,0.0,0.0,212.98666624708187,26.28358750000018,20.0,(3.77890468734611+0j),5.962546719065546,0,1,72
131,27.999999999999993,13.999999999999996,13.999999999999996,0.0,0.0,56.90605981227879,23.231995333333238,0.0,(4.29822332845451+0j),5.325398093860734,1,2,101
132,9.8,4.9,4.9,0.0,0.0,14.089640214528004,31.31999199999882,20.0,(3.6055512754639905+0j),1.000000000000001,0,1,54
133,0.30000000000000004,0.0,0.30000000000000004,0.0,0.0,0.35860470479291406,0.0,0.0,0j,0.0,0,0,0
134,8.4,4.2,4.2,0.0,0.0,29.85984,19.82509749999963,0.0,(2.2882456112707357+0j),2.2297090891336846,0,0,27
135,4.199999999999999,2.0999999999999996,2.0999999999999996,0.0,0.0,8.84736,25.91813000000002,0.0,(1+0j),0.0,0,0,0
136,15.400000000000002,7.700000000000001,7.700000000000001,0.0,0.0,36.520347436056575,29.569922222221976,20.0,(3.2192856019650993+0j),4.35616035938049,0,1,24
137,8.0,4.5,3.5,0.0,52.928841272728334,13.526054605946882,15.03796999999965,0.0,(2.2882456112707343+0j),2.5745484148173574,0,0,27
138,4.199999999999999,2.0999999999999996,2.0999999999999996,0.0,0.0,4.529848320000002,34.03070999999969,0.0,(1.414213562373095+0j),0.5151380471280704,0,0,0
139,15.800000000000002,8.400000000000002,7.4,31.313236576392494,0.0,35.05953353861431,29.282432222222432,20.0,(3.0434639282033595+0j),5.184438014432621,0,0,26
140,8.4,4.2,4.2,0.0,0.0,22.0150628352,30.080694999999622,20.0,(1.6180339887498938+0j),2.5615528128088303,0,0,0
141,0.1,0.0,0.1,0.0,0.0,0.1175075896665421,0.0,20.0,0j,0.0,0,0,0
142,32.19999999999999,16.099999999999994,16.099999999999994,0.0,0.0,153.6463614931527,27.35276631578939,0.0,(4.720369489648004+0j),5.36015322241544,0,2,47
143,4.199999999999999,2.0999999999999996,2.0999999999999996,0.0,0.0,1.4843406974976003,0.0,20.0,(1+0j),0.0,0,0,0
144,28.499999999999993,14.499999999999995,13.999999999999996,0.0,0.0,61.74702670603165,20.504713333334244,0.0,(3.5079027713765583+0j),5.849283834705251,0,2,51
145,8.4,4.2,4.2,0.0,0.0,14.6767085568,30.120432500000334,0.0,(1.8019377358048398+0j),3.3565232269559533,0,0,0
146,7.0,3.5,3.5,0.0,0.0,15.925248,20.9266375000027,0.0,(2.7320508075688763+0j),2.7992649243641603,0,1,27
147,27.099999999999994,13.799999999999997,13.299999999999997,0.0,0.0,163.57375967775891,23.4320521428562,0.0,(3.8852285252171597+0j),5.335563775089391,0,2,24
148,-1.0,0.0,-1.0,39.45138414392276,0.0,2.0132659200000007,0.0,20.0,0j,0.0,0,0,0
149,17.800000000000004,9.4,8.400000000000002,0.0,35.110599726704955,22.438101464713164,17.51683124999971,0.0,(4.47206693315848+0j),4.141336115655364,0,0,27
150,-1.0,0.0,-1.0,40.09551833588764,0.0,2.621440000000001,0.0,0.0,0j,0.0,0,0,0
151,6.0,3.5,2.5,45.4691722110804,0.0,0.002157505254568817,42.7256999999986,0.0,(1+0j),0.0,0,0,0
152,7.0,3.5,3.5,0.0,0.0,15.925248,23.97380666666777,0.0,(2.236067977499789+0j),0.9999999999999997,0,0,27
153,4.199999999999999,2.0999999999999996,2.0999999999999996,0.0,0.0,5.662310400000003,28.90657999999803,0.0,(1.414213562373095+0j),0.5151380471280705,0,0,0
154,5.6,2.8,2.8,0.0,0.0,13.271040000000001,27.338649999999994,0.0,(1.6180339887498938+0j),1.9191106897609154,0,0,0
155,27.099999999999994,13.799999999999995,13.299999999999997,0.0,0.0,130.8590077422071,23.97068923076929,0.0,(4.949190806715064+0j),5.41855251875066,0,2,0
156,5.6,2.8,2.8,0.0,0.0,13.271040000000001,26.65080000000065,0.0,(1.7320508075688765+0j),2.7946690411990276,0,0,0
157,27.599999999999994,14.299999999999995,13.299999999999997,0.0,0.0,53.59984957120805,20.761783571428587,5.857864376269051,(3.714375400025242+0j),5.852783949327556,0,2,50
158,11.200000000000001,5.6000000000000005,5.6000000000000005,0.0,0.0,34.398535679999995,15.584545999999818,20.0,(2.7784571182583897+0j),3.0,0,1,25
159,24.799999999999997,12.899999999999997,11.899999999999999,0.0,42.28573440590255,23.3087220991094,21.661331111111064,0.0,(3.1222294642920483+0j),4.4579145804690565,0,1,25
160,22.9,11.7,11.2,0.0,0.0,83.74976495501257,33.507846153846515,0.0,(3.559226199939836+0j),5.319651420311777,0,0,24
161,7.0,3.5,3.5,0.0,0.0,10.19215872,17.03522750000019,0.0,(2.8136065026483315+0j),2.7840573566038462,0,0,0
162,21.5,11.0,10.5,0.0,0.0,38.77303933102434,34.228209230769224,0.0,(5.6301580813301255+0j),6.190878534727141,0,3,74
163,0.0,0.0,0.0,0.0,0.0,2.226511046246401,0.0,20.0,0j,0.0,0,0,0
164,35.499999999999986,17.999999999999993,17.499999999999993,0.0,0.0,153.64636149315268,27.202358499999946,0.0,(6.892242070296216+0j),7.159427414366965,0,7,93
165,12.600000000000001,6.300000000000001,6.300000000000001,0.0,0.0,0.35087578262285984,9.949715000000197,8.972249509033599,(1.801937735804837+0j),3.3565232269559524,0,0,0
166,0.0,0.0,0.0,0.0,0.0,1.0737418240000005,0.0,0.0,0j,0.0,0,0,0
167,4.199999999999999,2.0999999999999996,2.0999999999999996,0.0,0.0,8.847360000000002,18.2696900000019,0.0,(1.414213562373095+0j),0.5151380471280705,0,0,0
168,12.600000000000001,6.300000000000001,6.300000000000001,0.0,0.0,0.2245605008786304,16.91736800000035,0.0,(2.1753277471610755+0j),3.0526105887229673,0,0,0
169,7.0,3.5,3.5,0.0,0.0,11.271712171622404,25.40595499999995,0.0,(2.4494897427831783+0j),1.0,0,0,26
170,5.6,2.8,2.8,0.0,0.0,19.90656,30.318236666666984,0.0,(1.618033988749894+0j),1.9191106897609134,0,0,0
171,0.0,0.0,0.0,0.0,0.0,3.932160000000002,0.0,0.0,0j,0.0,0,0,0
172,4.6,2.8,1.7999999999999996,49.392597565451204,0.0,2.137450604396545,27.982320000000414,0.0,(1+0j),0.0,0,0,0
173,14.900000000000004,8.200000000000003,6.700000000000001,57.97733298758098,0.0,11.966987447847025,94.98523249999934,40.0,(1.6180339887498938+0j),2.5615528128088303,0,0,0
174,0.1,0.0,0.1,0.0,0.0,4.718592000000001,0.0,0.0,0j,0.0,0,0,0
175,5.6,2.8,2.8,0.0,0.0,13.271040000000001,22.966696666666685,0.0,(2.23606797749979+0j),0.9999999999999994,0,0,27
176,5.7,3.6000000000000005,2.0999999999999996,0.0,32.081504700660254,15.925248,28.604550000000017,0.0,(1.6180339887498938+0j),1.9191106897609138,0,0,0
177,48.59999999999997,24.799999999999986,23.799999999999986,0.0,44.79223035774592,359.11798425701625,25.75574782608699,20.000000000000007,(6.577569967425381+0j),9.534624257341042,1,9,169
178,0.0,0.0,0.0,0.0,0.0,0.6871947673600004,0.0,0.0,0j,0.0,0,0,0
179,3.1999999999999993,2.0999999999999996,1.0999999999999999,43.19320899983336,0.0,0.1468844870831776,0.0,0.0,0j,0.0,0,0,0
180,0.0,0.0,0.0,0.0,0.0,3.932160000000002,0.0,20.0,0j,0.0,0,0,0
181,16.900000000000002,8.400000000000002,8.5,0.0,0.0,54.780521154084866,29.710132222222306,0.0,(3.6532780560973417+0j),5.357779814060596,0,1,27
182,6.6,3.8000000000000003,2.8,0.0,43.52641246458047,10.192158720000002,18.356515000001536,0.0,(1.414213562373095+0j),0.5151380471280704,0,0,0
183,7.0,3.5,3.5,0.0,0.0,12.740198400000002,21.774657499999535,0.0,(3.162277660168379+0j),0.45426888434137924,0,0,27
184,4.199999999999999,2.0999999999999996,2.0999999999999996,0.0,0.0,8.847360000000002,24.572359999999662,0.0,(1.414213562373095+0j),0.5151380471280704,0,0,0
185,20.1,10.3,9.8,0.0,0.0,65.73662538490181,31.698961428571693,20.0,(3.0000000000000018+0j),3.5194661718696687,0,1,0
186,18.3,9.899999999999999,8.400000000000002,0.0,39.88034017923165,43.82441692326789,22.481184285714527,0.0,(2.6238299681837844+0j),3.698622458030392,0,0,25
187,12.700000000000001,7.1000000000000005,5.6000000000000005,0.0,52.366778090874426,49.53389137919999,36.56738833333444,20.0,(2+0j),3.0000000000000004,0,0,0
188,18.3,9.899999999999999,8.400000000000002,0.0,40.235257988595265,52.58930030792146,25.11374700000033,20.0,(2.6787206624339355+0j),4.517711190172536,0,0,27
189,11.200000000000001,5.6000000000000005,5.6000000000000005,0.0,0.0,8.310407949893765,30.92563250000012,0.0,(2.288245611270737+0j),2.5745484148173543,0,0,27
190,8.0,4.5,3.5,0.0,45.75132176479443,35.831807999999995,30.100456000000122,0.0,(2.302775637731995+0j),3.404788854342871,0,0,27
191,13.700000000000003,8.100000000000001,5.6000000000000005,0.0,45.24143509411017,25.3613523861504,25.51193999999972,20.0,(1.414213562373095+0j),2.5615528128088303,0,0,0
192,6.6,3.8000000000000003,2.8,0.0,38.126807252026154,12.740198400000002,22.17256500000076,20.0,(1.414213562373095+0j),0.5151380471280699,0,0,0
193,12.700000000000003,7.100000000000001,5.6000000000000005,0.0,38.66366860443813,41.278242815999995,18.809443333331426,0.0,(2.4811943040920172+0j),3.5227662580381938,0,0,0
194,5.6,2.8,2.8,0.0,0.0,19.906559999999995,12.831840000001193,0.0,(1.414213562373095+0j),0.5151380471280704,0,0,0
195,6.6,3.8000000000000003,2.8,0.0,33.567777953610616,15.925247999999996,13.624859999999899,20.0,(1+0j),0.0,0,0,0
196,25.199999999999996,12.599999999999998,12.599999999999998,0.0,0.0,64.31981948544964,28.39862181818184,0.0,(3.877415196424324+0j),6.236224059881091,0,1,50
197,9.8,4.9,4.9,0.0,0.0,9.393093476352,11.476519999999937,0.0,(1.414213562373095+0j),0.5151380471280704,0,0,0
198,5.6,2.8,2.8,0.0,0.0,13.271040000000001,41.99954500000004,0.0,(1.414213562373095+0j),0.5151380471280704,0,0,0
199,6.1,3.3000000000000003,2.8,0.0,0.0,13.271040000000001,19.46787000000029,0.0,(1+0j),0.0,0,0,0
200,12.600000000000001,6.300000000000001,6.300000000000001,0.0,0.0,21.134460321792005,33.443958749999965,0.0,(3.959272874718419+0j),2.999999999999999,0,2,50
201,5.6,2.8,2.8,0.0,0.0,2.2265110462464004,37.15252000000021,20.0,(1.618033988749894+0j),1.9191106897609145,0,0,0
202,15.400000000000002,7.700000000000001,7.700000000000001,0.0,0.0,30.433622863380485,22.43729799999994,0.0,(5.103103618536039+0j),4.441299096563289,0,0,27
203,8.4,4.2,4.2,0.0,0.0,2.0519525802206826,20.62340000000006,20.0,(1.9999999999999993+0j),2.9999999999999996,0,1,0
204,12.600000000000001,6.300000000000001,6.300000000000001,0.0,0.0,49.53389137919999,24.215345999999727,20.0,(2.681330643604977+0j),3.0000000000000004,0,1,26
205,8.4,4.2,4.2,0.0,0.0,22.93235712,14.543946666666443,20.0,(2.236067977499789+0j),0.33625596321259427,0,0,27
206,9.9,4.9,5.0,0.0,0.0,0.6853042629352736,58.68436333333345,0.0,(2.2360679774997894+0j),2.5615528128088303,0,0,27
207,21.5,11.0,10.5,0.0,0.0,75.7285924434069,26.699933571428573,20.0,(3.870700957491164+0j),5.1610988860185625,0,3,70
208,9.4,5.2,4.2,0.0,59.845668923540174,14.676708556799998,10.67488333333434,20.0,(1.414213562373095+0j),2.5615528128088303,0,0,0
209,2.8,1.4,1.4,0.0,0.0,5.898240000000001,23.21454999999787,0.0,(1+0j),0.0,0,0,0
210,25.199999999999996,12.599999999999998,12.599999999999998,0.0,0.0,212.98666624708187,29.876059333333465,0.0,(5.775978410614673+0j),7.278117655904298,0,6,127
211,5.699999999999999,2.8,2.9,0.0,0.0,1.5128635983451058,17.811349999999493,0.0,(1.414213562373095+0j),0.5151380471280705,0,0,0
212,-2.0,0.0,-2.0,106.67751280285403,0.0,5.662310400000003,0.0,0.0,0j,0.0,0,0,0
213,2.8,1.4,1.4,0.0,0.0,5.898240000000002,0.0,0.0,(1+0j),0.0,0,0,0
214,14.000000000000002,7.000000000000001,7.000000000000001,0.0,0.0,12.98501242170901,28.95038999999997,20.0,(2.9999999999999933+0j),3.5194661718696723,0,1,25
215,12.600000000000001,6.300000000000001,6.300000000000001,0.0,0.0,39.62711310335999,31.321020000000317,0.0,(3.5145910082625273+0j),2.6416749969711226,0,3,77
216,16.800000000000004,8.400000000000002,8.400000000000002,0.0,0.0,57.06304286883839,24.290243333333216,20.0,(3.5837137366633423+0j),4.550952075414625,0,1,25
217,1.4,0.7,0.7,0.0,0.0,0.06528199425919005,0.0,60.0,0j,0.0,0,0,0
218,12.600000000000001,6.300000000000001,6.300000000000001,0.0,0.0,8.656674947806005,24.412784999999246,0.0,(1.618033988749894+0j),2.0941737411149406,0,0,0
219,23.799999999999997,11.899999999999999,11.899999999999999,0.0,0.0,31.614477673488214,21.888019999999702,0.0,(3.7803954340222212+0j),6.3570224452698865,0,3,101
220,0.0,0.0,0.0,0.0,0.0,3.932160000000002,0.0,0.0,0j,0.0,0,0,0
221,14.000000000000002,7.000000000000001,7.000000000000001,0.0,0.0,0.15258375114651337,27.274579999998878,0.0,(2.4494897427831765+0j),2.855981412004969,0,0,0
222,0.1,0.0,0.1,0.0,0.0,0.6079859496950175,0.0,20.0,0j,0.0,0,0,0
223,0.0,0.0,0.0,0.0,0.0,0.8246337208320004,0.0,20.0,0j,0.0,0,0,0
224,1.4,0.7,0.7,0.0,0.0,2.319282339840001,36.54685999999856,20.0,(1+0j),0.0,0,0,0
225,2.9,1.4,1.5,0.0,0.0,0.9499780463984644,6.933410000001459,0.0,(1+0j),0.0,0,0,0
226,7.0,3.5,3.5,0.0,0.0,3.3397665693696013,12.199570000000222,20.0,(1.6180339887498942+0j),1.9191106897609143,0,0,0
227,7.0,3.5,3.5,0.0,0.0,12.230590464000004,11.022826666665726,20.0,(2.2360679774997894+0j),0.33625596321259377,0,0,27
228,0.39999999999999986,0.7,-0.3000000000000001,38.06880316955075,0.0,1.05059972107299,0.0,12.679491924311225,0j,0.0,0,0,0
229,1.7999999999999998,1.4,0.3999999999999999,50.10744423484194,0.0,0.3112888062438489,7.978379999995013,0.0,(1+0j),0.0,0,0,0
230,4.199999999999999,2.0999999999999996,2.0999999999999996,0.0,0.0,5.662310400000001,0.0,0.0,0j,0.0,0,0,0
231,2.8,1.4,1.4,0.0,0.0,2.8991029248000015,0.0,20.0,0j,0.0,0,0,0
232,1.4,0.7,0.7,0.0,0.0,3.774873600000001,0.0,20.0,0j,0.0,0,0,0
233,1.6,0.7,0.9000000000000001,0.0,0.0,0.13536874329585646,28.530080000000737,0.0,(1+0j),0.0,0,0,0
234,-1.0,0.0,-1.0,50.853812101005275,0.0,1.2369505812480006,0.0,0.0,0j,0.0,0,0,0
235,9.8,4.9,4.9,0.0,0.0,14.6767085568,20.533871999999747,0.0,(1.8019377358048367+0j),3.3565232269559497,0,0,0
236,2.8,1.4,1.4,0.0,0.0,1.8554258718720011,0.0,20.0,0j,0.0,0,0,0
237,-1.0,0.0,-1.0,36.203552977272075,0.0,0.3377699720527876,0.0,20.0,0j,0.0,0,0,0
238,19.6,9.8,9.8,0.0,0.0,55.83317663667505,23.811048000000937,0.0,(4.030211632725996+0j),4.804999964911957,0,1,53
239,-1.0,0.0,-1.0,50.411440273300634,0.0,1.2884901888000009,0.0,0.0,0j,0.0,0,0,0
240,-1.0,0.0,-1.0,45.619604280705595,0.0,2.899102924800001,0.0,0.0,0j,0.0,0,0,0
241,3.1999999999999993,2.0999999999999996,1.0999999999999999,58.02030170081954,0.0,2.2265110462464013,0.0,0.0,0j,0.0,0,0,0
242,7.500000000000001,4.000000000000001,3.5,0.0,0.0,2.0519525802206835,35.23541000000023,0.0,(1+0j),0.0,0,0,0
243,5.0,3.5,1.5,76.563312809148,0.0,0.002341043027960956,32.81449500000235,0.0,(1.414213562373095+0j),0.5151380471280704,0,0,0
244,0.0,0.0,0.0,0.0,0.0,0.5497558138880003,0.0,0.0,0j,0.0,0,0,0
245,2.8,1.4,1.4,0.0,0.0,0.48638875975601403,0.0,40.0,0j,0.0,0,0,0
246,7.4,4.2,3.1999999999999997,45.568932203288185,0.0,14.089640214528004,28.2408399999999,20.0,(1.6180339887498942+0j),1.919110689760912,0,0,0
247,0.1,0.0,0.1,0.0,0.0,2.5165824000000008,0.0,0.0,0j,0.0,0,0,0
248,11.3,5.6000000000000005,5.7,0.0,0.0,30.433622863380485,18.178885714285766,0.0,(2.3913823806309003+0j),4.5915511707564525,0,0,54
249,0.0,0.0,0.0,0.0,0.0,3.145728000000001,0.0,20.0,0j,0.0,0,0,0
250,19.6,9.8,9.8,0.0,0.0,24.814745171855577,21.740344999999763,0.0,(2.3760789782885143+0j),3.1431615361750787,0,0,0
251,8.4,4.2,4.2,0.0,0.0,15.288238080000003,28.80323500000003,0.0,(1.7320508075688805+0j),2.794669041199028,0,0,0
252,12.600000000000001,6.300000000000001,6.300000000000001,0.0,0.0,45.65043429507072,24.555713750000052,0.0,(3.09166724304904+0j),3.6313933331337576,0,1,25
253,32.69999999999999,16.599999999999994,16.099999999999994,0.0,0.0,22.376373215145016,22.084156153846028,0.0,(4.155398554971841+0j),5.82091496577972,0,0,54
254,5.6,2.8,2.8,0.0,0.0,0.01642875177895788,27.740876666666736,0.0,(2.449489742783178+0j),0.9999999999999996,0,0,26
255,33.59999999999999,16.799999999999994,16.799999999999994,0.0,0.0,153.64636149315268,27.08963437500003,0.0,(4.3962773931807435+0j),5.862864440361971,0,4,47
256,4.6,2.8,1.7999999999999996,15.06859016429949,0.0,4.3486543872000025,0.0,20.0,(1+0j),0.0,0,0,0
257,5.6,2.8,2.8,0.0,0.0,13.271040000000001,27.10418000000042,0.0,(2.236067977499789+0j),0.33625596321259427,0,0,27
258,15.400000000000002,7.700000000000001,7.700000000000001,0.0,0.0,59.44066965504,18.847713749999286,0.0,(2.1357792050698565+0j),3.8887950012828076,0,0,0
259,4.199999999999999,2.0999999999999996,2.0999999999999996,0.0,0.0,0.37354656749261866,20.73238000000174,20.0,(1+0j),0.0,0,0,0
260,10.8,5.9,4.9,0.0,42.620215705699856,39.62711310335999,21.45733999999993,12.679491924311225,(2.9208096264818897+0j),2.3919369726826076,0,1,53
261,12.600000000000001,6.300000000000001,6.300000000000001,0.0,0.0,39.62711310335999,24.44672666666596,12.679491924311229,(3.13263749357984+0j),3.2605712246098335,0,2,26
262,22.499999999999996,11.999999999999996,10.5,0.0,48.36522834015016,40.388582636483676,24.280703333333804,0.0,(1.6180339887498942+0j),3.9277770577312396,0,0,0
263,0.0,0.0,0.0,0.0,0.0,3.0198988800000013,0.0,0.0,0j,0.0,0,0,0
264,9.8,4.9,4.9,0.0,0.0,7.514474781081599,57.08597999999938,0.0,(1+0j),2.5615528128088303,0,0,0
265,11.200000000000001,5.6000000000000005,5.6000000000000005,0.0,0.0,34.398535679999995,29.484912857142902,0.0,(2.3988976216987217+0j),3.868583684324515,0,1,27
266,7.0,3.5,3.5,0.0,0.0,3.2061759065948174,19.270489999998404,20.0,(1+0j),2.5615528128088303,0,0,0
267,16.800000000000004,8.400000000000002,8.400000000000002,0.0,0.0,65.73662538490183,27.57185090909104,20.0,(4.003163723429361+0j),4.501783520078697,0,3,50
268,1.4,0.7,0.7,0.0,0.0,2.3192823398400013,0.0,0.0,0j,0.0,0,0,0
269,0.3999999999999999,0.7,-0.30000000000000004,44.87388124365456,0.0,3.7748736000000016,21.10419999999749,20.0,(1+0j),0.0,0,0,0
270,10.8,5.9,4.9,0.0,43.158522038530094,34.398535679999995,18.472178333332938,0.0,(3.9999999999999987+0j),5.0,1,1,81
271,36.999999999999986,19.49999999999999,17.499999999999993,0.0,44.03150680005201,586.1143550611597,27.17528619047622,0.0,(6.000317971189643+0j),7.704966929364906,0,5,69
272,2.8,1.4,1.4,0.0,0.0,4.718592000000002,17.281919999995807,0.0,(1.414213562373095+0j),0.5151380471280699,0,0,0
273,1.4,0.7,0.7,0.0,0.0,0.23906980319527607,0.0,0.0,0j,0.0,0,0,0
274,3.0,1.4,1.6,0.0,0.0,0.37354656749261866,30.646169999999984,0.0,(1+0j),0.0,0,0,0
275,0.0,0.0,0.0,0.0,0.0,1.9327352832000009,0.0,12.67949192431123,0j,0.0,0,0,0
276,4.199999999999999,2.0999999999999996,2.0999999999999996,0.0,0.0,0.37354656749261883,23.651423333334378,20.0,(1.6180339887498942+0j),1.9191106897609143,0,0,0
277,3.1999999999999993,2.0999999999999996,1.0999999999999996,41.38644613138402,0.0,3.206175906594817,28.42870000000005,0.0,(1.414213562373095+0j),0.5151380471280699,0,0,0
278,1.7999999999999998,1.4,0.3999999999999999,57.20420510358952,0.0,0.1530046740449767,0.0,0.0,0j,0.0,0,0,0
279,12.600000000000001,6.300000000000001,6.300000000000001,0.0,0.0,61.91736422399999,25.918263333333016,0.0,(2.999999999999999+0j),4.802876807726674,0,2,26
280,4.199999999999999,2.0999999999999996,2.0999999999999996,0.0,0.0,0.5379070571893708,2.5371099999915714,5.85786437626905,(1+0j),0.0,0,0,0
281,19.6,9.8,9.8,0.0,0.0,63.10716036950577,23.875539999999916,0.0,(2.903211925911553+0j),4.663787788105131,0,1,26
282,22.4,11.2,11.2,0.0,0.0,109.0491731185059,26.904258124999956,60.0,(5.495581818890512+0j),6.632836603254805,0,3,76
283,23.799999999999997,11.899999999999999,11.899999999999999,0.0,0.0,87.23933849480476,32.55038333333308,5.857864376269051,(3.415676411888356+0j),5.966703898845117,0,0,51
284,0.0,0.0,0.0,0.0,0.0,3.9321600000000014,0.0,20.0,0j,0.0,0,0,0
285,18.200000000000003,9.100000000000001,9.100000000000001,0.0,0.0,40.38858263648369,25.034008888888827,0.0,(2.916043146912436+0j),4.054590568566561,0,0,27
286,9.8,4.9,4.9,0.0,0.0,3.8474110879137804,37.81058333333343,0.0,(2.170086486626034+0j),2.9999999999999982,0,1,0
287,4.199999999999999,2.0999999999999996,2.0999999999999996,0.0,0.0,5.662310400000003,17.635709999999847,0.0,(1.6180339887498942+0j),1.9191106897609143,0,0,0
288,9.8,4.9,4.9,0.0,0.0,14.089640214528004,26.614840000000015,20.0,(2.4860394028972492+0j),2.9999999999999996,0,1,27
289,27.099999999999994,13.799999999999997,13.299999999999997,0.0,0.0,40.27747178726105,28.224720000000126,0.0,(4.432451789483103+0j),6.403871464437837,0,2,73
290,2.8,1.4,1.4,0.0,0.0,1.932735283200001,0.0,20.0,0j,0.0,0,0,0
291,18.700000000000003,9.600000000000001,9.100000000000001,0.0,0.0,54.780521154084866,22.104177999999933,30.000000000000018,(2.811882732271025+0j),4.699059798998165,0,0,27
292,11.200000000000001,5.6000000000000005,5.6000000000000005,0.0,0.0,31.701690482688,31.899919999999383,10.000000000000002,(1.8019377358048396+0j),3.356523226955953,0,0,0
293,19.700000000000003,9.8,9.9,0.0,0.0,0.12441262478225974,22.341811249999637,0.0,(3.184722493472057+0j),3.880735638334292,0,0,27
294,7.0,3.5,3.5,0.0,0.0,22.93235712,35.734222000000045,60.0,(2.8757635815038314+0j),2.8875634426911336,0,1,26
295,33.69999999999999,17.59999999999999,16.099999999999994,0.0,32.1726959662689,300.0905497913138,24.20801649999987,0.0,(5.20353395515175+0j),7.401143632260418,0,4,93
296,40.59999999999998,20.29999999999999,20.29999999999999,0.0,0.0,56.74950862333099,26.258691,0.0,(6.422496749940034+0j),6.470888393113374,0,4,45
297,27.599999999999994,14.299999999999995,13.299999999999997,0.0,0.0,196.28851161331067,26.53261812500034,0.0,(4.796687193606558+0j),6.985674728116693,0,3,49
298,9.8,4.9,4.9,0.0,0.0,31.701690482688,25.121459999999537,60.0,(2.497212040956833+0j),3.3769556764095428,0,0,26
299,2.8,1.4,1.4,0.0,0.0,2.783138807808001,100.85209000000077,0.0,(1.414213562373095+0j),0.5151380471280705,0,0,0
300,1.4,0.7,0.7,0.0,0.0,5.898240000000002,0.0,0.0,0j,0.0,0,0,0
301,7.0,3.5,3.5,0.0,0.0,15.288238080000001,18.78041499999881,0.0,(2.2882456112707357+0j),2.229709089133686,0,0,27
302,11.200000000000001,5.6000000000000005,5.6000000000000005,0.0,0.0,0.28070062609828794,22.078276000001097,0.0,(1.9021130325903073+0j),3.2703125781153233,0,0,0
303,0.0,0.0,0.0,0.0,0.0,3.1457280000000014,0.0,20.0,0j,0.0,0,0,0
304,4.199999999999999,2.0999999999999996,2.0999999999999996,0.0,0.0,8.84736,17.059980000003634,0.0,(1+0j),0.0,0,0,0
305,0.0,0.0,0.0,0.0,0.0,4.718592000000001,0.0,0.0,0j,0.0,0,0,0
306,0.1,0.0,0.1,0.0,0.0,5.662310400000001,0.0,0.0,0j,0.0,0,0,0
307,2.9,1.4,1.5,0.0,0.0,3.4789235097600018,0.0,20.0,0j,0.0,0,0,0
308,7.0,3.5,3.5,0.0,0.0,27.518828543999998,23.29681999999957,60.0,(2.2143197433775335+0j),3.0,0,1,0
309,0.0,0.0,0.0,0.0,0.0,1.2884901888000009,0.0,20.0,0j,0.0,0,0,0
310,2.9,1.4,1.5,0.0,0.0,3.0779288703310237,20.621659999997064,0.0,(1+0j),0.0,0,0,0
311,43.89999999999998,22.19999999999999,21.69999999999999,0.0,0.0,1166.7520575886278,26.775475999999983,12.679491924311225,(5.392255822685851+0j),7.930948719271861,0,7,114
312,9.8,4.9,4.9,0.0,0.0,1.2102908786760846,34.242682499999894,20.0,(1.6180339887498942+0j),2.5615528128088303,0,0,0
313,0.0,0.0,0.0,0.0,0.0,2.5165824000000008,0.0,0.0,0j,0.0,0,0,0
314,11.200000000000001,5.6000000000000005,5.6000000000000005,0.0,0.0,21.134460321792005,24.592684999999932,20.0,(1.6180339887498942+0j),2.5615528128088303,0,0,0
315,0.1,0.0,0.1,0.0,0.0,0.7599824371187719,0.0,0.0,0j,0.0,0,0,0
316,7.1,3.5,3.6,0.0,0.0,3.5457740586213413,16.015520000000265,12.679491924311233,(2.2360679774997894+0j),0.33625596321259377,0,0,27
317,0.0,0.0,0.0,0.0,0.0,3.623878656000002,0.0,0.0,0j,0.0,0,0,0
318,-1.0,0.0,-1.0,55.53654393277422,0.0,0.216172782113784,0.0,0.0,0j,0.0,0,0,0
319,0.0,0.0,0.0,0.0,0.0,3.145728000000001,0.0,0.0,0j,0.0,0,0,0
320,0.0,0.0,0.0,0.0,0.0,4.529848320000001,0.0,0.0,0j,0.0,0,0,0
321,50.99999999999997,25.699999999999985,25.299999999999983,0.0,0.0,2787.1223807413753,24.679778064516185,0.0,(7.918141285865035+0j),8.896467942431705,0,10,69
322,2.8,1.4,1.4,0.0,0.0,4.718592000000002,0.0,0.0,0j,0.0,0,0,0
323,5.6,2.8,2.8,0.0,0.0,0.7295831396340209,0.0,0.0,0j,0.0,0,0,0
324,8.4,4.2,4.2,0.0,0.0,0.6723838214867137,17.00333999999998,0.0,(1.6180339887498938+0j),2.09417374111494,0,0,0
325,2.9,1.4,1.5,0.0,0.0,3.6238786560000014,12.359715000000051,0.0,(1.414213562373095+0j),0.5151380471280704,0,0,0
326,2.8,1.4,1.4,0.0,0.0,0.01971450213474946,0.0,0.0,0j,0.0,0,0,0
327,11.3,5.6000000000000005,5.7,0.0,0.0,0.06781500050956149,23.57042999999976,0.0,(1+0j),0.0,0,0,0
328,0.0,0.0,0.0,0.0,0.0,1.2884901888000009,0.0,0.0,0j,0.0,0,0,0
329,1.5,0.7,0.7999999999999999,0.0,0.0,0.25381639367973086,11.706910000000335,0.0,(1+0j),0.0,0,0,0
330,1.4,0.7,0.7,0.0,0.0,3.019898880000001,0.0,20.0,0j,0.0,0,0,0
331,-0.9,0.0,-0.9,31.1050042172586,0.0,2.319282339840001,0.0,20.0,0j,0.0,0,0,0
332,4.3999999999999995,2.0999999999999996,2.3,0.0,0.0,1.7099604835172357,0.0,12.679491924311224,0j,0.0,0,0,0
333,4.199999999999999,2.0999999999999996,2.0999999999999996,0.0,0.0,2.6718132554956813,35.980480000000625,0.0,(1.414213562373095+0j),0.5151380471280705,0,0,0
334,3.1999999999999993,2.0999999999999996,1.0999999999999996,40.49179511956029,0.0,1.1874725579980807,0.0,0.0,0j,0.0,0,0,0
335,0.1,0.0,0.1,0.0,0.0,2.5165824000000008,0.0,0.0,0j,0.0,0,0,0
336,1.4,0.7,0.7,0.0,0.0,0.032087405818277084,36.33948000000146,20.0,(1+0j),0.0,0,0,0
337,0.1,0.0,0.1,0.0,0.0,2.013265920000001,0.0,0.0,0j,0.0,0,0,0
338,-0.8,0.0,-0.8,52.793793848198305,0.0,4.718592000000002,0.0,0.0,0j,0.0,0,0,0
339,0.1,0.0,0.1,0.0,0.0,0.33776997205278747,0.0,0.0,0j,0.0,0,0,0
340,0.39999999999999986,0.7,-0.3000000000000001,41.528778786122956,0.0,0.9499780463984646,0.0,20.0,0j,0.0,0,0,0
341,0.0,0.0,0.0,0.0,0.0,2.5165824000000008,0.0,0.0,0j,0.0,0,0,0
342,0.0,0.0,0.0,0.0,0.0,1.9327352832000009,0.0,10.000000000000002,0j,0.0,0,0,0
343,0.0,0.0,0.0,0.0,0.0,3.145728000000001,0.0,20.0,0j,0.0,0,0,0
344,4.199999999999999,2.0999999999999996,2.0999999999999996,0.0,0.0,4.1747082117120025,7.676189999997405,0.0,(1+0j),0.0,0,0,0
345,0.0,0.0,0.0,0.0,0.0,1.2884901888000004,0.0,20.0,0j,0.0,0,0,0
346,-0.9,0.0,-0.9,48.018646548202526,0.0,0.06016388590926958,0.0,0.0,0j,0.0,0,0,0
347,0.0,0.0,0.0,0.0,0.0,1.2884901888000009,0.0,20.0,0j,0.0,0,0,0
348,8.4,4.2,4.2,0.0,0.0,0.8404797768583923,21.87163999999939,20.0,(1+0j),0.0,0,0,0
349,7.1,3.5,3.6,0.0,0.0,0.8068605857840565,14.67111999999986,10.000000000000004,(1.414213562373095+0j),1.0000000000000007,0,0,0
350,12.600000000000001,6.300000000000001,6.300000000000001,0.0,0.0,30.433622863380485,28.526021428571408,0.0,(2.3893733010977107+0j),3.251897782690847,0,1,0
351,21.0,10.5,10.5,0.0,0.0,123.25617259669089,22.665794615384563,0.0,(4.83416009958065+0j),4.991511691985775,0,3,72
352,42.99999999999998,21.99999999999999,20.99999999999999,0.0,44.26729371371119,2187.6601079786765,23.341815199999928,20.0,(7.287013057423048+0j),8.24752771954016,0,8,72
353,4.9,2.8,2.1,42.312096506054985,0.0,0.42105093914743197,30.693370000000186,0.0,(1+0j),0.0,0,0,0
354,2.8,1.4,1.4,0.0,0.0,7.0778880000000015,18.735779999999522,0.0,(1+0j),0.0,0,0,0
355,2.8,1.4,1.4,0.0,0.0,5.898240000000001,0.0,0.0,(1+0j),0.0,0,0,0
356,9.8,4.9,4.9,0.0,0.0,42.9981696,22.67939999999991,0.0,(2.1753277471610764+0j),3.0526105887229655,0,0,0
357,0.0,0.0,0.0,0.0,0.0,2.621440000000001,0.0,0.0,0j,0.0,0,0,0
358,8.4,4.2,4.2,0.0,0.0,2.5649407252758536,18.781986666667006,20.0,(2.7320508075688763+0j),2.7992649243641603,0,1,27
359,27.999999999999993,13.999999999999996,13.999999999999996,0.0,0.0,125.62464743251883,25.172402105263124,0.0,(5.271912293352865+0j),6.975664524546256,0,2,73
360,4.199999999999999,2.0999999999999996,2.0999999999999996,0.0,0.0,1.1399736556781572,10.882570000001124,20.0,(1.414213562373095+0j),0.5151380471280699,0,0,0
361,18.700000000000003,9.600000000000001,9.100000000000001,0.0,0.0,40.38858263648368,22.929240909090822,6.5707691722282995,(3.5336090569093406+0j),4.533951035022961,0,4,77
362,24.899999999999995,13.699999999999996,11.2,0.0,90.28236433010326,69.79147079584378,21.307220000000058,0.0,(4.095504937048025+0j),6.865037314046796,0,4,74
363,0.0,0.0,0.0,0.0,0.0,3.774873600000001,0.0,20.0,0j,0.0,0,0,0
364,1.5,0.7,0.8,0.0,0.0,0.9895604649984008,0.0,0.0,0j,0.0,0,0,0
365,16.800000000000004,8.400000000000002,8.400000000000002,0.0,0.0,18.698417887260963,20.819496250000213,20.0,(3.4387422317329523+0j),2.9671492423778827,0,2,50
366,-0.9,0.0,-0.9,49.236022308364255,0.0,2.2265110462464013,0.0,0.0,0j,0.0,0,0,0
367,-1.0,0.0,-1.0,28.710708827328652,0.0,1.6777216000000008,0.0,0.0,0j,0.0,0,0,0
368,4.3999999999999995,2.0999999999999996,2.3,0.0,0.0,1.0085757322300704,22.20107999999982,0.0,(1.414213562373095+0j),0.5151380471280705,0,0,0
369,7.0,3.5,3.5,0.0,0.0,19.90656,37.08233749999977,0.0,(1.7320508075688805+0j),2.794669041199028,0,0,0
370,9.9,5.7,4.2,0.0,44.252082614449414,9.393093476352,10.383790000000772,9.999999999999998,(1.7320508075688772+0j),0.6900164415262003,0,0,0
371,0.1,0.0,0.1,0.0,0.0,0.7599824371187716,0.0,20.0,0j,0.0,0,0,0
372,9.8,4.9,4.9,0.0,0.0,35.831807999999995,20.79200499999994,0.0,(3.316624790355397+0j),3.0350301501569636,0,0,26
373,2.8,1.4,1.4,0.0,0.0,4.718592000000002,0.0,0.0,0j,0.0,0,0,0
374,19.6,9.8,9.8,0.0,0.0,78.88395046188218,-2481.0482372727274,20.0,(3.499894808318418+0j),4.325851067630791,0,1,0
375,8.0,4.5,3.5,0.0,47.93010793774663,0.020930555712827637,22.376060000001985,0.0,(1+0j),2.5615528128088303,0,0,0
376,-0.9,0.0,-0.9,48.25600894056797,0.0,1.1874725579980805,0.0,12.67949192431123,0j,0.0,0,0,0
377,5.6,2.8,2.8,0.0,0.0,19.90656,16.608875000002854,20.0,(2.0000000000000004+0j),0.0,0,0,28
378,18.200000000000003,9.100000000000001,9.100000000000001,0.0,0.0,33.657152197069735,20.13443909090959,0.0,(3.2708962474244445+0j),4.297472743692384,0,1,26
379,0.0,0.0,0.0,0.0,0.0,3.019898880000001,0.0,12.67949192431123,0j,0.0,0,0,0
380,11.200000000000001,5.6000000000000005,5.6000000000000005,0.0,0.0,34.398535679999995,29.73728714285715,0.0,(3.3771474409556523+0j),3.926022136946651,0,0,53
381,7.0,3.5,3.5,0.0,0.0,2.5649407252758545,48.005260000000476,0.0,(2.0000000000000004+0j),0.0,0,0,28
382,14.000000000000002,7.000000000000001,7.000000000000001,0.0,0.0,39.627113103359996,23.73196500000006,20.0,(3.4396150794595144+0j),3.8270194024923434,0,0,26
383,8.4,4.2,4.2,0.0,0.0,9.784472371200003,30.51394000000016,0.0,(2.44948974278318+0j),2.855981412004965,0,0,0
384,9.8,4.9,4.9,0.0,0.0,34.398535679999995,22.360831428571665,0.0,(3.3614687661858293+0j),4.171029785603067,0,0,26
385,2.5,1.7,0.8,0.0,38.247415099394345,15.288238079999996,20.503170000001774,0.0,(1+0j),0.0,0,0,0
386,11.600000000000001,6.300000000000001,5.3,57.19739599827569,0.0,19.47751863256351,18.402983750000033,10.0,(2.8985449833163828+0j),3.988966942065129,0,1,0
387,15.900000000000004,8.200000000000003,7.700000000000001,0.0,0.0,17.950481171770527,23.685957499999972,0.0,(1.9999999999999993+0j),2.9999999999999996,0,1,0
388,8.0,4.5,3.5,0.0,58.1735954682569,28.6654464,19.64034999999967,20.0,(1.6180339887498942+0j),1.919110689760912,0,0,0
389,5.6,2.8,2.8,0.0,0.0,2.0519525802206835,0.0,0.0,0j,0.0,0,0,0
390,7.0,3.5,3.5,0.0,0.0,2.137450604396544,0.0,20.0,0j,0.0,0,0,0
391,1.4,0.7,0.7,0.0,0.0,0.9499780463984647,0.0,20.0,0j,0.0,0,0,0
392,12.600000000000001,6.300000000000001,6.300000000000001,0.0,0.0,51.59780351999999,23.195455000000038,0.0,(2.6762431989952593+0j),3.7113893732295327,0,0,26
393,-1.0,0.0,-1.0,33.46783237835491,0.0,2.5165824000000017,0.0,20.0,0j,0.0,0,0,0
394,8.4,4.2,4.2,0.0,0.0,15.288238080000001,23.421228000000156,0.0,(2.681330643604979+0j),2.9999999999999996,0,1,26
395,2.8,1.4,1.4,0.0,0.0,4.718592000000002,50.03314000000046,0.0,(1.414213562373095+0j),0.5151380471280705,0,0,0
396,17.300000000000004,8.900000000000002,8.400000000000002,0.0,0.0,21.540577406124637,37.01770000000048,0.0,(2.170086486626033+0j),3.626198068527296,0,1,0
397,10.8,5.9,4.9,0.0,52.366778090874426,8.310407949893763,15.657925000000448,0.0,(1.6180339887498933+0j),2.5615528128088303,0,0,0
398,2.8,1.4,1.4,0.0,0.0,1.484340697497601,0.0,20.0,0j,0.0,0,0,0
399,0.0,0.0,0.0,0.0,0.0,3.932160000000002,0.0,0.0,0j,0.0,0,0,0
400,9.8,4.9,4.9,0.0,0.0,3.077928870331024,42.15188333333231,0.0,(1.8477590650225726+0j),2.4387260900637737,0,0,0
401,14.000000000000002,7.000000000000001,7.000000000000001,0.0,0.0,59.44066965503999,24.92369111111177,20.0,(3.0000000000000044+0j),4.802876807726674,0,2,26
402,0.0,0.0,0.0,0.0,0.0,3.7748736000000016,0.0,20.0,0j,0.0,0,0,0
403,5.6,2.8,2.8,0.0,0.0,5.435817984000001,39.628076666667766,0.0,(1.7320508075688783+0j),2.794669041199029,0,0,0
404,8.4,4.2,4.2,0.0,0.0,28.6654464,18.777396666667602,20.0,(2.56155281280883+0j),4.1908411890509925,0,0,26
405,22.4,11.2,11.2,0.0,0.0,113.59288866511035,26.399920000001412,0.0,(3.6562783915482786+0j),4.834352892969193,0,2,50
406,14.000000000000002,7.000000000000001,7.000000000000001,0.0,0.0,39.627113103359996,19.011316666665532,20.0,(2.6899940478558286+0j),3.7439830813209065,0,0,53
407,6.6,3.8000000000000003,2.8,0.0,24.450759694473316,19.90656,16.688526666666803,0.0,(1.9999999999999993+0j),2.9999999999999996,0,1,0
408,0.1,0.0,0.1,0.0,0.0,0.03342438106070532,0.0,20.0,0j,0.0,0,0,0
409,18.200000000000003,9.100000000000001,9.100000000000001,0.0,0.0,75.7285924434069,28.215327777778736,0.0,(2.902125984235994+0j),3.7948573680029196,0,2,0
410,14.000000000000002,7.000000000000001,7.000000000000001,0.0,0.0,63.10716036950575,23.219865000000937,20.000000000000103,(3.800441400026188+0j),5.283475896743186,0,2,78
411,0.1,0.0,0.1,0.0,0.0,0.911978924542526,0.0,0.0,0j,0.0,0,0,0
412,5.8,2.8,3.0,0.0,0.0,0.9682327029408673,0.0,0.0,0j,0.0,0,0,0
413,0.0,0.0,0.0,0.0,0.0,0.6597069766656004,0.0,0.0,0j,0.0,0,0,0
414,4.199999999999999,2.0999999999999996,2.0999999999999996,0.0,0.0,0.7003998140486599,24.5356533333333,20.0,(1.6180339887498933+0j),1.919110689760913,0,0,0
415,0.0,0.0,0.0,0.0,0.0,2.621440000000001,0.0,0.0,0j,0.0,0,0,0
416,5.8,2.8,3.0,0.0,0.0,7.827577896960004,12.80835000000053,0.0,(1+0j),0.0,0,0,0
417,-1.9,0.0,-1.9,106.1718135024264,0.0,4.529848320000002,0.0,20.0,0j,0.0,0,0,0
418,1.4,0.7,0.7,0.0,0.0,3.7748736000000016,43.07786999999962,20.0,(1+0j),0.0,0,0,0
419,22.499999999999996,11.2,11.299999999999997,0.0,0.0,0.7724552401792241,23.173293333333334,0.0,(1.9890437907365457+0j),3.8930219207325973,0,0,0
420,8.500000000000002,5.6000000000000005,2.900000000000001,123.91378920778769,0.0,0.033332429050459675,0.0,0.0,0j,0.0,0,0,0
421,2.8,1.4,1.4,0.0,0.0,0.023657402561699344,0.0,20.0,0j,0.0,0,0,0
422,11.200000000000001,5.6000000000000005,5.6000000000000005,0.0,0.0,42.9981696,32.84444000000008,0.0,(3.1147330734296355+0j),4.0,0,1,79
423,8.4,4.2,4.2,0.0,0.0,12.230590463999999,18.23245333333413,0.0,(2.7320508075688763+0j),2.7992649243641594,0,1,27
424,5.6,2.8,2.8,0.0,0.0,4.348654387200001,39.36106999999879,0.0,(2.236067977499789+0j),0.9999999999999997,0,0,27
425,0.0,0.0,0.0,0.0,0.0,3.932160000000002,0.0,0.0,0j,0.0,0,0,0
426,0.0,0.0,0.0,0.0,0.0,1.3421772800000007,0.0,0.0,0j,0.0,0,0,0
427,2.8,1.4,1.4,0.0,0.0,5.898240000000001,23.291589999998905,0.0,(1.414213562373095+0j),0.5151380471280704,0,0,0
428,0.0,0.0,0.0,0.0,0.0,1.0737418240000005,0.0,20.0,0j,0.0,0,0,0
429,0.0,0.0,0.0,0.0,0.0,0.8589934592000005,0.0,0.0,0j,0.0,0,0,0
430,8.4,4.2,4.2,0.0,0.0,14.676708556800001,22.38547500000019,20.0,(2.307250371348216+0j),3.861093925625779,0,0,27
431,1.4,0.7,0.7,0.0,0.0,4.718592000000002,8.285830000002079,0.0,(1+0j),0.0,0,0,0
432,2.8,1.4,1.4,0.0,0.0,4.529848320000001,13.740040000000135,0.0,(1+0j),0.0,0,0,0
433,0.0,0.0,0.0,0.0,0.0,3.9321600000000014,0.0,20.0,0j,0.0,0,0,0
434,5.6,2.8,2.8,0.0,0.0,3.4789235097600013,37.09606999999778,0.0,(1.414213562373095+0j),0.5151380471280699,0,0,0
435,8.4,4.2,4.2,0.0,0.0,29.85984,25.65832199999977,0.0,(1.8019377358048372+0j),3.3565232269559493,0,0,0
436,28.499999999999993,14.499999999999996,13.999999999999996,0.0,0.0,50.346839734076276,27.927832307692164,0.0,(4.161935891100489+0j),5.18711215243344,0,2,24
437,1.4,0.7,0.7,0.0,0.0,1.8554258718720007,0.0,60.0,0j,0.0,0,0,0
438,5.1,3.5,1.5999999999999996,84.99322210443685,0.0,0.0003400011627995264,32.58376666666815,0.0,(1.414213562373095+0j),2.5615528128088303,0,0,0
439,5.6,2.8,2.8,0.0,0.0,13.271040000000001,21.893259999999373,0.0,(1.414213562373095+0j),0.5151380471280705,0,0,0
440,-2.0,0.0,-2.0,76.51816721522202,0.0,2.783138807808001,0.0,20.0,0j,0.0,0,0,0
441,7.0,3.5,3.5,0.0,0.0,15.925248,12.421820000001464,0.0,(1.6180339887498942+0j),1.9191106897609143,0,0,0
442,8.900000000000002,4.700000000000001,4.2,0.0,0.0,9.017369737297921,18.770349999997507,10.0,(1.414213562373095+0j),1.0000000000000007,0,0,0
443,-0.9,0.0,-0.9,47.082997532910746,0.0,1.4249670695976968,0.0,0.0,0j,0.0,0,0,0
444,7.6,4.2,3.4,34.572714309771754,0.0,0.025599305510753047,0.0,0.0,0j,0.0,0,0,0
445,0.1,0.0,0.1,0.0,0.0,3.0198988800000013,0.0,20.0,0j,0.0,0,0,0
446,12.600000000000001,6.300000000000001,6.300000000000001,0.0,0.0,30.43362286338048,30.994397142856734,0.0,(3.7101188718248435+0j),3.290400298761947,0,1,53
447,4.199999999999999,2.0999999999999996,2.0999999999999996,0.0,0.0,1.781208836997121,68.44085999999947,20.0,(1.414213562373095+0j),0.5151380471280699,0,0,0
448,0.0,0.0,0.0,0.0,0.0,4.529848320000002,0.0,20.0,0j,0.0,0,0,0
449,0.1,0.0,0.1,0.0,0.0,2.319282339840001,0.0,20.0,0j,0.0,0,0,0
450,1.4,0.7,0.7,0.0,0.0,1.9327352832000009,0.0,20.0,0j,0.0,0,0,0
451,-0.9,0.0,-0.9,49.44557494151277,0.0,2.8991029248000006,0.0,0.0,0j,0.0,0,0,0
452,0.0,0.0,0.0,0.0,0.0,1.6777216000000008,0.0,0.0,0j,0.0,0,0,0
453,2.8,1.4,1.4,0.0,0.0,5.89824,0.0,0.0,0j,0.0,0,0,0
454,5.6,2.8,2.8,0.0,0.0,1.7099604835172362,80.61035999999774,20.0,(1.414213562373095+0j),0.5151380471280699,0,0,0
455,0.2,0.0,0.2,0.0,0.0,0.311288806243849,0.0,20.0,0j,0.0,0,0,0
456,0.1,0.0,0.1,0.0,0.0,2.415919104000001,0.0,20.0,0j,0.0,0,0,0
457,4.199999999999999,2.0999999999999996,2.0999999999999996,0.0,0.0,4.529848320000002,0.0,20.0,(1+0j),0.0,0,0,0
458,41.199999999999974,21.599999999999987,19.59999999999999,0.0,48.969409082650955,518.5564700393902,21.574433684210433,0.0,(4.974264668126524+0j),6.023698064271545,0,2,47
459,46.39999999999998,24.699999999999985,21.69999999999999,0.0,53.3644576623631,94.14062486507132,23.535030769232716,0.0,(3.7355963025514094+0j),6.074008470143153,0,2,49
460,17.800000000000004,9.4,8.400000000000002,0.0,0.0,28.047626830891442,22.82363666666773,0.0,(1.9696155060244158+0j),3.4158819991829383,0,0,0
461,5.699999999999999,2.8,2.9,0.0,0.0,12.7401984,29.071469999998953,0.0,(1+0j),0.0,0,0,0
462,-2.0,0.0,-2.0,71.68724768426958,0.0,1.05059972107299,0.0,6.570769172228297,0j,0.0,0,0,0
463,1.4,0.7,0.7,0.0,0.0,0.006729216728661148,0.0,0.0,0j,0.0,0,0,0
464,0.0,0.0,0.0,0.0,0.0,0.9499780463984647,0.0,20.0,0j,0.0,0,0,0
465,25.199999999999996,12.599999999999998,12.599999999999998,0.0,0.0,306.70079939579784,25.815796874999997,20.0,(4.075089185646123+0j),5.275451114054601,0,1,72
466,4.199999999999999,2.0999999999999996,2.0999999999999996,0.0,0.0,1.3132496513412375,19.826040000000376,0.0,(1+0j),0.0,0,0,0
467,21.0,10.5,10.5,0.0,0.0,15.88143690998757,27.64173250000013,0.0,(3.262145336529958+0j),3.7229941115288554,0,1,25
468,4.299999999999999,2.0999999999999996,2.1999999999999997,0.0,0.0,3.623878656000001,13.202250000000504,0.0,(1.414213562373095+0j),0.5151380471280699,0,0,0
469,5.6,2.8,2.8,0.0,0.0,1.3132496513412373,23.758249999999634,0.0,(1.414213562373095+0j),0.5151380471280705,0,0,0
470,1.7999999999999998,1.4,0.3999999999999999,35.564174364330775,0.0,5.435817984000002,0.0,20.0,0j,0.0,0,0,0
471,6.1,3.5,2.6,49.127059825482014,0.0,0.47590573814949527,16.32870000000139,0.0,(1+0j),0.0,0,0,0
472,10.3,5.400000000000001,4.9,0.0,0.0,22.0150628352,43.74879499999963,0.0,(1.847759065022574+0j),2.438726090063776,0,0,0
473,0.0,0.0,0.0,0.0,0.0,2.621440000000001,0.0,0.0,0j,0.0,0,0,0
474,12.600000000000001,6.300000000000001,6.300000000000001,0.0,0.0,12.985012421709005,22.74335500000044,20.0,(2.497212040956833+0j),3.545427805026859,0,0,26
475,8.4,4.2,4.2,0.0,0.0,15.288238080000001,32.65889500000071,20.0,(2.170086486626034+0j),3.0000000000000013,0,1,0
476,8.4,4.2,4.2,0.0,0.0,35.831807999999995,16.779088333333522,0.0,(2.6855439326707957+0j),3.6549108164643753,0,2,0
477,29.39999999999999,14.699999999999996,14.699999999999996,0.0,0.0,19.423935082591157,23.133442222222904,5.857864376269051,(3.1133839965709713+0j),3.0733714268944015,0,1,24
478,12.700000000000001,6.300000000000001,6.4,0.0,0.0,0.9868381386267934,14.226856666667612,0.0,(1.6180339887498942+0j),2.5615528128088303,0,0,0
479,5.6,2.8,2.8,0.0,0.0,1.0943747094510308,38.73297333333236,20.0,(2.2882456112707357+0j),2.2297090891336846,0,0,27
480,5.6,2.8,2.8,0.0,0.0,13.271040000000001,16.25406333333217,0.0,(2.2360679774997894+0j),0.33625596321259377,0,0,27
481,0.5,0.7,-0.19999999999999996,44.38951035793062,0.0,0.1530046740449767,0.0,0.0,0j,0.0,0,0,0
482,12.700000000000001,6.300000000000001,6.4,0.0,0.0,0.004660211349868643,26.771341666664817,0.0,(2.236067977499789+0j),4.129408566593648,0,0,27
483,1.7999999999999998,1.4,0.3999999999999999,65.53197141066673,0.0,4.3486543872000025,24.549480000007406,10.0,(1+0j),0.0,0,0,0
484,15.400000000000002,7.700000000000001,7.700000000000001,0.0,0.0,42.07144024633717,22.33373874999984,12.679491924311229,(2.676243198995262+0j),3.626198068527292,0,0,25
485,4.299999999999999,2.0999999999999996,2.1999999999999997,0.0,0.0,0.1530046740449767,23.67727500000001,0.0,(1.414213562373095+0j),0.5151380471280704,0,0,0
486,7.0,3.5,3.5,0.0,0.0,4.174708211712002,12.47150000000147,20.0,(2.2360679774997894+0j),1.0,0,0,27
487,10.3,5.400000000000001,4.9,0.0,0.0,14.676708556800001,26.007962499999735,0.0,(1.7320508075688805+0j),2.794669041199028,0,0,0
488,-1.0,0.0,-1.0,31.313236576392494,0.0,0.011884224377139672,0.0,20.0,0j,0.0,0,0,0
489,0.1,0.0,0.1,0.0,0.0,3.145728000000001,0.0,0.0,0j,0.0,0,0,0
490,10.3,5.400000000000001,4.9,0.0,0.0,10.820843684757504,23.978844999998046,0.0,(1.8477590650225737+0j),2.126718713275911,0,0,0
491,4.6,2.8,1.7999999999999998,52.872381152593796,0.0,6.794772480000003,17.710309999993115,0.0,(1.414213562373095+0j),0.5151380471280699,0,0,0
492,8.4,4.2,4.2,0.0,0.0,16.9075682574336,18.073256666668083,60.0,(1.414213562373095+0j),2.5615528128088303,0,0,0
493,7.0,3.5,3.5,0.0,0.0,6.2620623175680015,20.063763333332645,20.0,(1.414213562373095+0j),2.5615528128088303,0,0,0
494,5.6,2.8,2.8,0.0,0.0,10.616832000000002,15.424020000000098,0.0,(1+0j),0.0,0,0,0
495,7.0,3.5,3.5,0.0,0.0,12.230590464000004,33.545180000000414,0.0,(1.414213562373095+0j),0.5151380471280704,0,0,0
496,16.800000000000004,8.400000000000002,8.400000000000002,0.0,0.0,54.78052115408485,25.282071111111133,0.0,(3.2175807093086544+0j),5.785583716586419,0,1,80
497,32.29999999999998,16.89999999999999,15.399999999999995,0.0,35.372322288673516,111.14464807085696,25.61243444444459,0.0,(5.264858192560423+0j),6.086506748898752,0,4,100
498,0.0,0.0,0.0,0.0,0.0,1.2884901888000009,0.0,20.0,0j,0.0,0,0,0
499,0.0,0.0,0.0,0.0,0.0,3.9321600000000014,0.0,0.0,0j,0.0,0,0,0
500,7.0,3.5,3.5,0.0,0.0,23.887871999999998,28.272941999999603,20.0,(3.1795868015587243+0j),2.772349321065701,0,0,27
501,11.200000000000001,5.6000000000000005,5.6000000000000005,0.0,0.0,27.518828543999998,15.592740000000163,20.0,(2.170086486626033+0j),2.9999999999999996,0,1,0
502,43.89999999999998,22.19999999999999,21.69999999999999,0.0,0.0,85.1242629349965,25.314015294117702,0.0,(4.618055824144749+0j),6.363307456304155,0,6,45
503,29.89999999999999,15.199999999999996,14.699999999999996,0.0,0.0,235.54621393597273,26.531144117647113,0.0,(4.077555807031418+0j),5.7834007172626425,0,3,98
504,8.4,4.2,4.2,0.0,0.0,27.518828543999994,31.85036749999938,20.0,(1.414213562373095+0j),3.6261980685272945,0,0,0
505,2.8,1.4,1.4,0.0,0.0,5.898240000000001,46.888400000000274,0.0,(1.414213562373095+0j),0.5151380471280704,0,0,0
506,14.000000000000002,7.000000000000001,7.000000000000001,0.0,0.0,36.520347436056575,29.214162500000214,20.0,(3.3183141979466013+0j),4.189692913008699,0,0,26
507,5.6,2.8,2.8,0.0,0.0,12.230590464000004,26.46131000000082,20.0,(1.7320508075688805+0j),2.7946690411990276,0,0,0
508,0.0,0.0,0.0,0.0,0.0,0.324259173170676,0.0,20.0,0j,0.0,0,0,0
509,29.89999999999999,15.199999999999996,14.699999999999996,0.0,0.0,226.12436537853384,29.22908294117613,20.0,(4.555435150941007+0j),6.498600931727914,0,1,50
510,7.1,3.5,3.6,0.0,0.0,1.5758995816094852,61.46984333333194,20.0,(2.170086486626033+0j),2.9999999999999996,0,1,0
511,23.899999999999995,12.699999999999996,11.2,0.0,48.197882445802875,109.04917311850595,29.164411538461607,0.0,(4.444116769002742+0j),4.607801167527528,0,1,50
512,8.4,4.2,4.2,0.0,0.0,1.0505997210729896,27.447433333333414,0.0,(1.414213562373095+0j),2.5615528128088303,0,0,0
513,2.8,1.4,1.4,0.0,0.0,5.898240000000001,23.784679999998843,0.0,(1.414213562373095+0j),0.5151380471280705,0,0,0
514,5.6,2.8,2.8,0.0,0.0,2.5649407252758545,48.209715000003825,0.0,(1.414213562373095+0j),0.5151380471280705,0,0,0
515,4.6,2.8,1.7999999999999996,51.610005518234175,0.0,1.6415620641765472,23.30201499999248,20.0,(1+0j),2.5615528128088303,0,0,0
516,13.100000000000001,6.800000000000001,6.300000000000001,0.0,0.0,14.958734309808772,23.466440000000993,0.0,(4.083872359435606+0j),4.494500288630921,0,1,53
517,0.0,0.0,0.0,0.0,0.0,0.5277655813324803,0.0,20.0,0j,0.0,0,0,0
518,14.000000000000002,7.000000000000001,7.000000000000001,0.0,0.0,7.658871966622092,25.787989999999752,9.999999999999998,(2.56155281280883+0j),4.012376192568335,0,0,26
519,0.0,0.0,0.0,0.0,0.0,2.5165824000000008,0.0,0.0,0j,0.0,0,0,0
520,10.8,5.9,4.9,0.0,46.58684005016063,42.9981696,12.116306666666787,0.0,(2.4860394028972492+0j),2.9999999999999996,0,1,27
521,12.600000000000001,6.300000000000001,6.300000000000001,0.0,0.0,25.361352386150404,26.718278888888058,20.0,(2.3927562471951043+0j),4.260874126825861,0,1,0
522,4.199999999999999,2.0999999999999996,2.0999999999999996,0.0,0.0,2.2265110462464004,13.65717999999788,0.0,(1.414213562373095+0j),0.5151380471280704,0,0,0
523,0.0,0.0,0.0,0.0,0.0,3.932160000000002,0.0,20.0,0j,0.0,0,0,0
524,7.0,3.5,3.5,0.0,0.0,9.393093476352002,27.731610000000728,40.0,(1.6180339887498942+0j),1.919110689760912,0,0,0
525,19.6,9.8,9.8,0.0,0.0,35.73323304747203,24.471850833333896,3.8196601125010576,(3.691781336732497+0j),4.599755267203101,0,2,76
526,0.0,0.0,0.0,0.0,0.0,0.9895604649984007,0.0,20.0,0j,0.0,0,0,0
527,7.0,3.5,3.5,0.0,0.0,7.827577896960001,19.802170000000388,20.0,(1+0j),0.0,0,0,0
528,0.39999999999999986,0.7,-0.3000000000000001,63.58262036331914,0.0,3.019898880000001,25.0778200000002,0.0,(1+0j),0.0,0,0,0
529,5.6,2.8,2.8,0.0,0.0,19.90656,13.211703333333464,20.0,(2.23606797749979+0j),0.3362559632125939,0,0,27
530,22.4,11.2,11.2,0.0,0.0,28.586586437977633,34.89463428571428,20.0,(3.810616392317143+0j),3.6729927731112513,0,2,80
531,22.9,11.699999999999998,11.2,0.0,0.0,60.58287395472553,19.927988888889054,5.857864376269051,(2.68907043083588+0j),4.28079636238613,0,0,26
532,7.500000000000001,4.000000000000001,3.5,0.0,0.0,12.740198400000002,21.684506666667097,0.0,(1.6180339887498938+0j),1.9191106897609143,0,0,0
533,21.0,10.5,10.5,0.0,0.0,75.7285924434069,26.50764545454525,0.0,(3.145751784834452+0j),5.722179531443297,0,1,53
534,5.6,2.8,2.8,0.0,0.0,10.616832000000002,36.43575666666644,0.0,(3.162277660168379+0j),0.45426888434137935,0,0,27
535,19.7,10.599999999999998,9.100000000000001,0.0,58.3233622979573,40.38858263648368,20.168326250000348,0.0,(3.449489742783176+0j),4.58257569495584,0,2,0
536,0.39999999999999986,0.7,-0.3000000000000001,44.74222991163176,0.0,1.9327352832000009,0.0,0.0,0j,0.0,0,0,0
537,4.199999999999999,2.0999999999999996,2.0999999999999996,0.0,0.0,0.5836665117072168,58.23666999999659,0.0,(1+0j),0.0,0,0,0
538,11.200000000000001,5.6000000000000005,5.6000000000000005,0.0,0.0,21.134460321792005,25.15519249999784,20.0,(1.9999999999999993+0j),2.9999999999999996,0,1,0
539,0.0,0.0,0.0,0.0,0.0,2.621440000000001,0.0,0.0,0j,0.0,0,0,0
540,0.1,0.0,0.1,0.0,0.0,1.5461882265600013,0.0,20.0,0j,0.0,0,0,0
541,0.0,0.0,0.0,0.0,0.0,0.33776997205278747,0.0,20.0,0j,0.0,0,0,0
542,-1.0,0.0,-1.0,41.128899411287584,0.0,1.3421772800000007,0.0,0.0,0j,0.0,0,0,0
543,18.200000000000003,9.100000000000001,9.100000000000001,0.0,0.0,102.71347716390909,20.44000125000011,20.0,(3.3315190999891913+0j),3.7282186306298883,0,0,26
544,7.0,3.5,3.5,0.0,0.0,19.90656,23.598674999999503,0.0,(1.414213562373095+0j),2.5615528128088303,0,0,0
545,2.9,1.4,1.5,0.0,0.0,4.809263859892226,0.0,0.0,0j,0.0,0,0,0
546,11.700000000000003,6.100000000000001,5.6000000000000005,0.0,0.0,12.465611924840642,24.602463333333162,20.00000000000002,(3.1795868015587265+0j),2.7723493210656986,0,0,27
547,-1.0,0.0,-1.0,47.253704823645634,0.0,2.4159191040000008,0.0,20.0,0j,0.0,0,0,0
548,15.900000000000004,8.200000000000003,7.700000000000001,0.0,0.0,47.552535724032,21.482723333333524,0.0,(2.7204923896384337+0j),3.9737332262509604,0,1,26
549,8.4,4.2,4.2,0.0,0.0,9.784472371200003,17.789253333334425,20.0,(2.288245611270737+0j),2.2297090891336833,0,0,27
550,18.3,9.100000000000001,9.2,0.0,0.0,82.17078173112726,26.144170909089798,0.0,(4.767647124061455+0j),3.916140189421588,0,0,24
551,14.000000000000002,7.000000000000001,7.000000000000001,0.0,0.0,29.21627794884526,26.91695800000025,0.0,(1.8019377358048367+0j),3.3565232269559533,0,0,0
552,9.8,4.9,4.9,0.0,0.0,22.93235712,33.845174999999585,20.0,(1.7320508075688805+0j),2.794669041199028,0,0,0
553,7.500000000000001,4.000000000000001,3.5,0.0,0.0,18.345885695999996,10.873579999997673,0.0,(1+0j),0.0,0,0,0
554,0.0,0.0,0.0,0.0,0.0,0.007605903601369392,0.0,20.0,0j,0.0,0,0,0
555,0.1,0.0,0.1,0.0,0.0,0.4222124650659843,0.0,0.0,0j,0.0,0,0,0
556,0.0,0.0,0.0,0.0,0.0,0.16602069666338617,0.0,40.0,0j,0.0,0,0,0
557,2.8,1.4,1.4,0.0,0.0,5.89824,0.0,0.0,0j,0.0,0,0,0
558,5.9,2.8,3.1,0.0,0.0,0.002438586487459329,0.0,20.0,0j,0.0,0,0,0
559,2.9,1.4,1.5,0.0,0.0,0.5836665117072168,42.69894000000022,0.0,(1+0j),0.0,0,0,0
560,-1.0,0.0,-1.0,56.500503531123634,0.0,0.5277655813324804,0.0,0.0,0j,0.0,0,0,0
561,-1.0,0.0,-1.0,33.27767480497792,0.0,1.546188226560001,0.0,0.0,0j,0.0,0,0,0
562,0.1,0.0,0.1,0.0,0.0,3.1457280000000014,0.0,0.0,0j,0.0,0,0,0
563,4.299999999999999,2.0999999999999996,2.1999999999999997,0.0,0.0,8.236812897174425e-05,0.0,0.0,0j,0.0,0,0,0
564,2.8,1.4,1.4,0.0,0.0,0.0850025966916537,0.0,20.0,0j,0.0,0,0,0
565,0.0,0.0,0.0,0.0,0.0,0.00020552366774965873,0.0,12.679491924311229,0j,0.0,0,0,0
566,18.200000000000003,9.100000000000001,9.100000000000001,0.0,0.0,17.95048117177053,23.17681499999935,10.000000000000004,(4.645751311064594+0j),2.888236008843414,0,0,25
567,1.7999999999999998,1.4,0.3999999999999999,20.93098615278809,0.0,0.324259173170676,2.1652999999969325,0.0,(1+0j),0.0,0,0,0
568,1.7999999999999998,1.4,0.3999999999999999,41.793402268973566,0.0,0.0007526501504504104,0.0,20.0,0j,0.0,0,0,0
569,0.0,0.0,0.0,0.0,0.0,0.05666839779443582,0.0,0.0,0j,0.0,0,0,0
570,9.8,4.9,4.9,0.0,0.0,35.831807999999995,27.29554199999984,0.0,(2.8757635815038314+0j),3.1650674338860862,0,1,0
571,0.0,0.0,0.0,0.0,0.0,0.08854437155380596,0.0,0.0,0j,0.0,0,0,0
572,5.6,2.8,2.8,0.0,0.0,6.522981580799999,18.03215000000061,0.0,(2.236067977499789+0j),0.9999999999999997,0,0,27
573,7.0,3.5,3.5,0.0,0.0,4.174708211712002,22.07336666666682,20.0,(2.288245611270737+0j),2.5745484148173543,0,0,27
574,22.5,11.999999999999998,10.5,0.0,0.0,13.234530758322979,27.722319999998604,0.0,(3.293293580903491+0j),3.6261980685272945,0,2,52
575,7.1,3.5,3.6,0.0,0.0,14.676708556800001,37.601542499999994,20.0,(1.7320508075688783+0j),2.794669041199029,0,0,0
576,1.7999999999999998,1.4,0.3999999999999999,35.385526144930765,0.0,0.311288806243849,0.0,0.0,0j,0.0,0,0,0
577,0.2,0.0,0.2,0.0,0.0,2.226511046246401,0.0,0.0,0j,0.0,0,0,0
578,-1.0,0.0,-1.0,44.03150680005201,0.0,0.21617278211378402,0.0,0.0,0j,0.0,0,0,0
579,8.4,4.2,4.2,0.0,0.0,0.055447037253982825,12.76155000000017,0.0,(1+0j),0.0,0,0,0
580,1.7999999999999998,1.4,0.3999999999999999,26.191236161974363,0.0,0.5163907749017964,0.0,0.0,0j,0.0,0,0,0
581,11.200000000000001,5.6000000000000005,5.6000000000000005,0.0,0.0,1.5128635983451055,24.695635999999467,0.0,(1.9318516525781353+0j),3.786066852085181,0,0,0
582,2.8,1.4,1.4,0.0,0.0,1.3679683868137893,27.495355000000927,0.0,(1.414213562373095+0j),0.5151380471280699,0,0,0
583,5.6,2.8,2.8,0.0,0.0,13.271040000000001,33.16683000000012,0.0,(2.9999999999999996+0j),0.0,0,0,28
584,5.6,2.8,2.8,0.0,0.0,15.925247999999998,35.420043333333524,0.0,(1.6180339887498933+0j),1.919110689760913,0,0,0
585,0.1,0.0,0.1,0.0,0.0,0.8246337208320005,0.0,0.0,0j,0.0,0,0,0
586,0.1,0.0,0.1,0.0,0.0,2.319282339840001,0.0,0.0,0j,0.0,0,0,0
587,2.8,1.4,1.4,0.0,0.0,0.03342438106070531,0.0,0.0,0j,0.0,0,0,0
588,2.8,1.4,1.4,0.0,0.0,3.478923509760001,0.0,20.0,0j,0.0,0,0,0
589,9.8,4.9,4.9,0.0,0.0,35.831807999999995,27.125561666666727,0.0,(2.307250371348215+0j),3.8820894896731497,0,0,27
590,9.8,4.9,4.9,0.0,0.0,34.398535679999995,30.687450000000354,0.0,(2.4494897427831783+0j),0.9999999999999998,0,0,0
591,5.699999999999999,2.8,2.9,0.0,0.0,1.5758995816094852,17.382559999998648,0.0,(1+0j),2.5615528128088303,0,0,0
592,0.0,0.0,0.0,0.0,0.0,2.013265920000001,0.0,20.0,0j,0.0,0,0,0
593,0.4,0.0,0.4,0.0,0.0,0.07664998429990581,0.0,0.0,0j,0.0,0,0,0
594,11.200000000000001,5.6000000000000005,5.6000000000000005,0.0,0.0,27.518828543999998,21.813328000000297,0.0,(2.8757635815038323+0j),2.8875634426911327,0,1,26
595,2.8,1.4,1.4,0.0,0.0,1.484340697497601,80.82232999999832,0.0,(1.414213562373095+0j),0.5151380471280705,0,0,0
596,8.4,4.2,4.2,0.0,0.0,4.809263859892226,19.724700000001576,20.0,(1+0j),0.0,0,0,0
597,0.0,0.0,0.0,0.0,0.0,2.0971520000000012,0.0,0.0,0j,0.0,0,0,0
598,0.0,0.0,0.0,0.0,0.0,1.484340697497601,0.0,0.0,0j,0.0,0,0,0
599,4.199999999999999,2.0999999999999996,2.0999999999999996,0.0,0.0,4.348654387200002,0.0,20.0,0j,0.0,0,0,0
600,2.8,1.4,1.4,0.0,0.0,0.5603198512389279,12.551059999993868,0.0,(1+0j),0.0,0,0,0
601,12.700000000000001,6.300000000000001,6.4,0.0,0.0,24.34689829070438,21.715673333333903,20.0,(2.676243198995259+0j),2.6674243318962083,0,0,26
602,15.400000000000002,7.700000000000001,7.700000000000001,0.0,0.0,9.57358995827762,31.647320000000036,0.0,(2.170086486626035+0j),3.000000000000001,0,1,0
603,34.09999999999999,17.299999999999994,16.799999999999994,0.0,0.0,240.072439833051,28.506515624999764,0.0,(3.799130804653727+0j),6.925917995745364,0,1,24
604,11.200000000000001,5.6000000000000005,5.6000000000000005,0.0,0.0,27.518828543999998,30.851709999999912,0.0,(2.1357792050698565+0j),2.2429456891838155,0,0,0
605,0.1,0.0,0.1,0.0,0.0,1.4843406974976012,0.0,40.0,0j,0.0,0,0,0
606,6.0,3.5,2.5,36.861561977774315,0.0,0.09400607173323368,26.39569999999992,0.0,(1.414213562373095+0j),2.5615528128088303,0,0,0
607,8.4,4.2,4.2,0.0,0.0,15.288238080000001,20.66480200000001,0.0,(2.302775637731995+0j),3.404788854342871,0,0,27
608,18.200000000000003,9.100000000000001,9.100000000000001,0.0,0.0,102.71347716390908,32.84294538461538,20.0,(3.9261475477427643+0j),5.454661597451447,0,2,50
609,8.4,4.2,4.2,0.0,0.0,6.925339958244806,39.90082600000051,0.0,(2.8951065159275298+0j),2.9497598665768856,0,1,26
610,12.600000000000001,6.300000000000001,6.300000000000001,0.0,0.0,16.9075682574336,28.048448571428416,0.0,(3.348267804381898+0j),4.570201878559915,0,1,0
611,0.0,0.0,0.0,0.0,0.0,3.145728000000001,0.0,0.0,0j,0.0,0,0,0
612,4.6,2.8,1.7999999999999998,55.873597545495834,0.0,0.8068605857840566,19.655446666666496,0.0,(2.481194304092016+0j),0.10991626417474229,0,0,0
613,15.400000000000002,7.700000000000001,7.700000000000001,0.0,0.0,43.82441692326787,30.32615666666667,0.0,(3.7658180237288224+0j),4.158845132355937,0,2,49
614,11.200000000000001,5.6000000000000005,5.6000000000000005,0.0,0.0,16.907568257433603,31.584094285714336,40.0,(2.7151945277031286+0j),3.6002745078039986,0,0,25
615,9.8,4.9,4.9,0.0,0.0,14.676708556800001,34.63330666666669,0.0,(2.6131259297527554+0j),2.9441240799984953,0,0,26
616,9.8,4.9,4.9,0.0,0.0,35.831807999999995,29.447951666666462,0.0,(2.7784571182583866+0j),2.999999999999999,0,1,25
617,5.6,2.8,2.8,0.0,0.0,6.794772480000003,24.27551999999954,0.0,(2.4494897427831783+0j),1.0,0,0,26
618,30.39999999999999,15.699999999999994,14.699999999999996,0.0,27.12828702380492,78.66693708449418,23.96651176470574,0.0,(5.120411050087205+0j),6.526731721096362,0,2,48
619,1.4,0.7,0.7,0.0,0.0,2.0132659200000007,0.0,0.0,0j,0.0,0,0,0
620,9.8,4.9,4.9,0.0,0.0,14.676708556800001,19.209163999999873,20.0,(4.1231056256176615+0j),0.326202990453992,0,0,27
621,7.0,3.5,3.5,0.0,0.0,29.85984,41.469697499999256,0.0,(1.7320508075688765+0j),2.7946690411990285,0,0,0
622,6.0,3.5,2.5,43.56248633134608,0.0,3.3397665693696013,2.351659999999356,20.0,(1+0j),2.5615528128088303,0,0,0
623,14.500000000000004,7.500000000000002,7.000000000000001,0.0,0.0,31.701690482688,23.106246666666266,20.0,(2.486039402897246+0j),2.9999999999999996,0,1,27
624,21.0,10.5,10.5,0.0,0.0,19.851796137484463,26.944707272727598,0.0,(2.819143570108078+0j),4.558069978036036,0,2,27
625,23.4,12.199999999999998,11.2,0.0,0.0,46.52764719722921,30.986849090908105,0.0,(4.07471199078743+0j),5.331802510682004,0,1,75
626,8.4,4.2,4.2,0.0,0.0,15.288238080000001,27.22591999999989,0.0,(1.8019377358048398+0j),3.3565232269559524,0,0,0
627,4.199999999999999,2.0999999999999996,2.0999999999999996,0.0,0.0,1.855425871872001,0.0,20.0,(1+0j),0.0,0,0,0
628,0.0,0.0,0.0,0.0,0.0,3.145728000000001,0.0,0.0,0j,0.0,0,0,0
629,0.1,0.0,0.1,0.0,0.0,2.013265920000001,0.0,0.0,0j,0.0,0,0,0
630,4.199999999999999,2.0999999999999996,2.0999999999999996,0.0,0.0,13.271040000000001,16.60739999999957,0.0,(2.236067977499789+0j),0.33625596321259427,0,0,27
631,1.4,0.7,0.7,0.0,0.0,0.9895604649984008,0.0,20.0,0j,0.0,0,0,0
632,14.100000000000001,7.000000000000001,7.1000000000000005,0.0,0.0,60.58287395472553,18.349322222221517,0.0,(3.3817209858944763+0j),4.941473988161094,0,0,26
633,7.0,3.5,3.5,0.0,0.0,0.5163907749017962,33.268714999999816,20.0,(1+0j),2.5615528128088303,0,0,0
634,7.1,4.3,2.8,0.0,42.430168637647746,22.932357119999992,18.51005999999984,20.0,(1+0j),0.0,0,0,0
635,7.0,3.5,3.5,0.0,0.0,1.2102908786760849,30.122405000000185,0.0,(1+0j),2.5615528128088303,0,0,0
636,15.900000000000004,8.200000000000003,7.700000000000001,0.0,0.0,43.82441692326789,27.35352222222193,0.0,(4.506711703732465+0j),4.171542706832762,0,0,53
637,2.9,1.4,1.5,0.0,0.0,4.174708211712002,29.68927000000349,0.0,(1+0j),0.0,0,0,0
638,0.39999999999999986,0.7,-0.3000000000000001,51.397541317902956,0.0,1.9327352832000013,0.0,0.0,0j,0.0,0,0,0
639,5.6,2.8,2.8,0.0,0.0,3.3397665693696017,17.257014999999,0.0,(2.2360679774997894+0j),1.0,0,0,27
640,10.3,5.400000000000001,4.9,0.0,0.0,34.398535679999995,31.073703999999452,20.0,(1.8019377358048398+0j),3.3565232269559524,0,0,0
641,7.0,3.5,3.5,0.0,0.0,19.906559999999995,11.49763999999891,20.0,(1.414213562373095+0j),0.5151380471280699,0,0,0
642,7.800000000000001,4.9,2.9,82.32867921544246,0.0,0.07064062553079326,15.014463333332817,0.0,(1.7320508075688772+0j),0.6900164415262003,0,0,0
643,0.0,0.0,0.0,0.0,0.0,0.11529215046068483,0.0,0.0,0j,0.0,0,0,0
644,0.0,0.0,0.0,0.0,0.0,1.610612736000001,0.0,20.0,0j,0.0,0,0,0
645,8.4,4.2,4.2,0.0,0.0,17.61205026816,21.161934999998948,40.0,(2.170086486626033+0j),2.9999999999999996,0,1,0
646,5.6,2.8,2.8,0.0,0.0,23.887871999999998,16.381833333333198,20.0,(1.6180339887498942+0j),1.919110689760912,0,0,0
647,0.0,0.0,0.0,0.0,0.0,1.0737418240000005,0.0,0.0,0j,0.0,0,0,0
648,5.6,2.8,2.8,0.0,0.0,0.03850488698193253,21.52445000000057,0.0,(1.414213562373095+0j),0.5151380471280705,0,0,0
649,8.900000000000002,4.700000000000001,4.2,0.0,0.0,34.398535679999995,26.08398833333316,20.0,(1.8477590650225733+0j),3.7329458498900374,0,0,0
650,-1.0,0.0,-1.0,37.86187072540095,0.0,2.621440000000001,0.0,0.0,0j,0.0,0,0,0
651,1.4,0.7,0.7,0.0,0.0,0.6333186975989763,0.0,20.0,0j,0.0,0,0,0
652,0.0,0.0,0.0,0.0,0.0,2.5165824000000008,0.0,0.0,0j,0.0,0,0,0
653,12.200000000000001,6.6000000000000005,5.6000000000000005,0.0,39.122628106570374,13.526054605946882,20.275468333333414,0.0,(2.6855439326707944+0j),4.123105625617661,0,1,0
654,1.7999999999999998,1.4,0.3999999999999999,40.80964648713263,0.0,4.718592000000002,0.0,0.0,(1+0j),0.0,0,0,0
655,8.4,4.2,4.2,0.0,0.0,4.007719883243521,33.41250999999829,0.0,(1.6180339887498942+0j),1.919110689760912,0,0,0
656,27.599999999999994,14.299999999999995,13.299999999999997,0.0,53.72526689532843,157.0308092906485,25.578857333333268,0.0,(7.396006226850494+0j),7.818064547834643,1,1,79
657,2.9,1.4,1.5,0.0,0.0,1.4249670695976966,0.0,0.0,0j,0.0,0,0,0
658,16.400000000000002,8.700000000000001,7.700000000000001,0.0,36.93402728535056,18.698417887260963,20.676352857142646,20.0,(2.7461575455805693+0j),3.3035050483566053,0,0,26
659,16.800000000000004,8.400000000000002,8.400000000000002,0.0,0.0,42.07144024633716,23.35561375000008,10.0,(3.2566165379829393+0j),4.160000181661512,0,0,52
660,15.400000000000002,7.700000000000001,7.700000000000001,0.0,0.0,71.328803586048,19.097728888888557,20.0,(3.5996128433826136+0j),4.5767054317848945,0,0,25
661,5.6,2.8,2.8,0.0,0.0,9.7844723712,23.717366666666635,20.0,(2.2360679774997894+0j),0.33625596321259393,0,0,27
662,0.0,0.0,0.0,0.0,0.0,3.1457280000000014,0.0,0.0,0j,0.0,0,0,0
663,5.6,2.8,2.8,0.0,0.0,5.435817984000001,19.883039999998573,20.0,(1.414213562373095+0j),0.5151380471280704,0,0,0
664,2.8,1.4,1.4,0.0,0.0,5.898240000000001,27.275420000001986,0.0,(1.414213562373095+0j),0.5151380471280704,0,0,0
665,7.5,4.2,3.3,53.702523420217,0.0,3.847411087913781,33.293840000008004,0.0,(1+0j),2.5615528128088303,0,0,0
666,15.400000000000002,7.700000000000001,7.700000000000001,0.0,0.0,29.21627794884526,24.60628111111065,0.0,(3.410355186213285+0j),3.3235193350394914,0,2,24
667,9.8,4.9,4.9,0.0,0.0,0.8223651155223282,19.919796000000133,0.0,(3.438069399204956+0j),2.557705737542034,0,0,26
668,15.400000000000002,7.700000000000001,7.700000000000001,0.0,0.0,74.30083706879999,28.17249400000037,0.0,(2.6452974307236206+0j),4.576898549937977,0,1,26
669,12.600000000000001,6.300000000000001,6.300000000000001,0.0,0.0,33.0225942528,26.50174999999914,0.0,(2.4744909523560867+0j),3.7824491024407214,0,1,0
670,10.400000000000002,6.200000000000001,4.2,0.0,90.8532801955485,26.41807540224,19.684696666666543,20.0,(2.561552812808832+0j),4.190841189050989,0,0,26
671,0.0,0.0,0.0,0.0,0.0,4.718592,0.0,20.0,0j,0.0,0,0,0
672,10.3,5.400000000000001,4.9,0.0,0.0,22.015062835200002,26.703389999998763,0.0,(2.3027756377319943+0j),3.278954753114033,0,0,27
673,0.0,0.0,0.0,0.0,0.0,0.11068046444225745,0.0,20.0,0j,0.0,0,0,0
