,defensive_vulnerability,network_strength_eigen_value,algebraic_connectivity,regression_fit1,shotsAllowedVal,ground_truth,ground_truth_offense,ground_truth_defense,shotsTakenVal,complete_triad_sum,triad_sum,diadic_sum,flowEV,tempoEV
0,-1.9999999999999996,1.414213562373095,0.5151380471280699,1.414213562373095,0.0,7.0,3.5,3.5,0.0,0,0,0,9.976023987203838,30.07083499999993
1,0.0,0.0,0.0,0.0,0.0,0.0,0.0,0.0,0.0,0,0,0,9.59631833664,0.0
2,-1.9999999999999996,1.414213562373095,0.5151380471280699,1.414213562373095,0.0,4.199999999999999,2.0999999999999996,2.0999999999999996,0.0,0,0,0,10.18368978938906,19.010005000000092
3,0.0,1.0,0.0,1.0,0.0,7.0,3.5,3.5,0.0,0,0,0,10.391520193254145,0.0
4,4.222190227467936,0.0,0.0,0.0,0.0,0.0,0.0,0.0,0.0,0,0,0,8.494026182603827,0.0
5,2.0000000000000004,1.9318516525781357,3.759188254119522,1.9318516525781357,0.0,10.8,5.9,4.9,22.27282255782849,0,0,0,10.159273361718808,28.920258000000103
6,0.0,0.0,0.0,0.0,0.0,0.0,0.0,0.0,0.0,0,0,0,9.596318336640001,0.0
7,0.0,1.0,0.0,1.0,0.0,4.199999999999999,2.0999999999999996,2.0999999999999996,0.0,0,0,0,10.395678464640001,60.243820000000596
8,0.0,0.0,0.0,-252.87738290879705,-252.87738290879705,-1.0,0.0,-1.0,0.0,0,0,0,9.205248988788583,0.0
9,0.0,0.0,0.0,0.0,0.0,3.3,1.9,1.4,0.0,0,0,0,10.395678464640001,0.0
10,2.0000000000000004,1.9999999999999993,2.9999999999999996,1.9999999999999993,0.0,8.4,4.2,4.2,0.0,0,1,0,11.027564361242845,14.641796666666476
11,-1.0,2.0,0.0,2.0,0.0,1.4,0.7,0.7,0.0,0,0,0,9.788244703372799,0.0
12,0.0,1.0,0.0,1.0,0.0,1.4,0.7,0.7,0.0,0,0,0,9.592479809305342,25.693529999998646
13,0.0,1.0,0.0,1.0,0.0,2.9999999999999996,2.1999999999999997,0.7999999999999999,13.045692488731305,0,0,0,10.187764895347202,31.554659999997625
14,0.0,2.414213562373095,0.0,2.414213562373095,0.0,7.0,3.5,3.5,0.0,0,0,0,10.599350597119226,13.62779499999931
15,2.0000000000000004,1.0,2.5615528128088303,-97.68771471175846,-98.68771471175846,8.8,4.9,3.9,0.0,0,0,0,9.561826813862847,3.831224999998426
16,-6.461844948013606e-17,0.0,0.0,0.0,0.0,1.4,0.7,0.7,0.0,0,0,0,9.788244703372799,0.0
17,0.0,1.0,0.0,1.0,0.0,5.6,2.8,2.8,0.0,0,0,0,10.6035920339328,29.943759999996473
18,-1.9999999999999996,1.0,0.0,1.0,0.0,1.5,0.7,0.8,0.0,0,0,0,9.78432940549145,35.677320000008876
19,0.0,1.0,0.0,1.0,0.0,7.500000000000001,4.000000000000001,3.5,0.0,0,0,0,10.175544466947917,22.825969999987592
20,3.8892920216924587,1.0,0.0,-54.71386185110548,-55.71386185110548,6.5,4.000000000000001,2.4999999999999996,0.0,0,0,0,8.823053826071769,3.968269999995755
21,-1.9999999999999996,0.0,0.0,0.0,0.0,0.0,0.0,0.0,0.0,0,0,0,9.400630213119236,0.0
22,0.0,0.0,0.0,0.0,0.0,0.0,0.0,0.0,0.0,0,0,0,10.1877648953472,0.0
23,3.593817247498248,0.0,0.0,0.0,0.0,2.8,1.4,1.4,0.0,0,0,0,8.656976967115972,0.0
24,1.5615528128088296,0.0,0.0,0.0,0.0,0.0,0.0,0.0,0.0,0,0,0,9.400630213119237,0.0
25,2.5615528128088303,0.0,0.0,0.0,0.0,0.0,0.0,0.0,0.0,0,0,0,9.216304130509055,0.0
26,5.1770653736182837e-17,2.0000000000000004,2.5615528128088303,2.0000000000000004,0.0,10.3,5.400000000000001,4.9,0.0,0,0,28,9.558002083137305,30.220590000005053
27,0.0,1.414213562373095,0.5151380471280705,1.414213562373095,0.0,7.0,3.5,3.5,0.0,0,0,0,10.81566387461146,12.393980000001648
28,0.0,0.0,0.0,0.0,0.0,0.0,0.0,0.0,0.0,0,0,0,9.788244703372799,0.0
29,0.0,0.0,0.0,0.0,0.0,4.199999999999999,2.0999999999999996,2.0999999999999996,0.0,0,0,0,9.788244703372799,0.0
30,0.0,0.0,0.0,0.0,0.0,2.8,1.4,1.4,0.0,0,0,0,9.58864281738162,0.0
31,-1.9999999999999996,0.0,0.0,0.0,0.0,4.699999999999999,2.6,2.0999999999999996,0.0,0,0,0,9.98001599360128,0.0
32,0.0,0.0,0.0,0.0,0.0,0.0,0.0,0.0,0.0,0,0,0,9.98001599360128,0.0
33,-1.9999999999999996,1.0,0.0,1.0,0.0,4.199999999999999,2.0999999999999996,2.0999999999999996,0.0,0,0,0,10.175544466947917,13.902080000000012
34,-6.461844948013606e-17,0.0,0.0,0.0,0.0,0.0,0.0,0.0,0.0,0,0,0,9.389353968564354,0.0
35,0.0,0.0,0.0,0.0,0.0,4.199999999999999,2.0999999999999996,2.0999999999999996,0.0,0,0,0,10.395678464640001,0.0
36,-1.9999999999999996,0.0,0.0,-56.466991099849395,-56.466991099849395,1.9,1.4,0.4999999999999999,0.0,0,0,0,9.772592906056778,0.0
37,0.0,0.0,0.0,0.0,0.0,2.8,1.4,1.4,0.0,0,0,0,9.98001599360128,0.0
38,2.0000000000000004,0.0,0.0,0.0,0.0,0.0,0.0,0.0,0.0,0,0,0,9.216304130509057,0.0
39,2.0000000000000004,1.6180339887498938,2.09417374111494,1.6180339887498938,0.0,8.4,4.2,4.2,0.0,0,0,0,10.159273361718808,36.36650666666659
40,-1.9999999999999996,0.0,0.0,0.0,0.0,0.1,0.0,0.1,0.0,0,0,0,9.98001599360128,0.0
41,-1.9999999999999996,0.0,0.0,0.0,0.0,0.0,0.0,0.0,0.0,0,0,0,9.59631833664,0.0
42,2.0000000000000004,0.0,0.0,0.0,0.0,0.0,0.0,0.0,0.0,0,0,0,9.7882447033728,0.0
43,0.0,1.6180339887498942,1.919110689760912,1.6180339887498942,0.0,5.6,2.8,2.8,0.0,0,0,0,10.1877648953472,52.06124000000045
44,-0.45490409122352377,0.0,0.0,-65.37980889722158,-65.37980889722158,-1.0,0.0,-1.0,0.0,0,0,0,9.39686996103399,0.0
45,-1.9999999999999996,1.9999999999999993,2.9999999999999996,1.9999999999999993,0.0,7.0,3.5,3.5,0.0,0,1,0,10.18368978938906,12.504096666668072
46,0.0,1.0,0.0,1.0,0.0,8.4,4.2,4.2,0.0,0,0,0,10.807013074017986,6.281659999997373
47,3.201472338219244,0.0,0.0,-60.947930116103166,-60.947930116103166,-1.0,0.0,-1.0,0.0,0,0,0,9.212617608856853,0.0
48,2.19345504779349,1.0,0.0,-55.89268708100303,-56.89268708100303,3.1999999999999993,2.0999999999999996,1.0999999999999996,0.0,0,0,0,9.577141047935642,42.38416000000598
49,-1.9999999999999996,0.0,0.0,0.0,0.0,2.8,1.4,1.4,0.0,0,0,0,9.212617608856851,0.0
50,0.49274902921175157,0.0,0.0,0.0,0.0,0.0,0.0,0.0,0.0,0,0,0,9.212617608856853,0.0
51,2.0000000000000004,0.0,0.0,0.0,0.0,0.0,0.0,0.0,0.0,0,0,0,9.580973437310567,0.0
52,0.0,1.6180339887498942,1.9191106897609143,1.6180339887498942,0.0,7.0,3.5,3.5,0.0,0,0,0,10.6035920339328,18.998436666666716
53,-6.461844948013606e-17,0.0,0.0,-277.6065706040069,-277.6065706040069,3.2999999999999994,2.0999999999999996,1.1999999999999997,0.0,0,0,0,9.197886262437393,0.0
54,0.0,0.0,0.0,0.0,0.0,0.0,0.0,0.0,0.0,0,0,0,10.391520193254141,0.0
55,2.0000000000000004,0.0,0.0,0.0,0.0,0.0,0.0,0.0,0.0,0,0,0,9.212617608856853,0.0
56,0.0,1.7320508075688805,2.7946690411990276,1.7320508075688805,0.0,11.200000000000001,5.6000000000000005,5.6000000000000005,0.0,0,0,0,10.379055356286875,20.744673333334354
57,2.0000000000000004,4.551298009240163,4.890336781585624,4.551298009240163,0.0,36.499999999999986,18.99999999999999,17.499999999999993,-13.06239387595082,0,3,71,14.225435349976951,28.86981874999975
58,1.5615528128088314,1.0,0.0,1.0,0.0,1.4,0.7,0.7,0.0,0,0,0,9.400630213119237,8.874149999996916
59,0.0,0.0,0.0,0.0,0.0,2.8,1.4,1.4,0.0,0,0,0,9.7882447033728,0.0
60,-1.9999999999999996,0.0,0.0,0.0,0.0,0.0,0.0,0.0,0.0,0,0,0,10.1877648953472,0.0
61,0.0,0.0,0.0,0.0,0.0,4.199999999999999,2.0999999999999996,2.0999999999999996,0.0,0,0,0,10.1877648953472,0.0
62,-6.461844948013606e-17,1.6180339887498942,1.919110689760912,-60.890621423883054,-62.50865541263295,3.1999999999999993,2.0999999999999996,1.0999999999999999,0.0,0,0,0,9.776503507459761,28.987556666666215
63,0.0,0.0,0.0,-48.1051094001223,-48.1051094001223,-1.0,0.0,-1.0,0.0,0,0,0,9.788244703372799,0.0
64,1.5615528128088314,1.0,0.0,1.0,0.0,2.8,1.4,1.4,0.0,0,0,0,9.77259290605678,24.97560999999905
65,0.0,0.0,0.0,0.0,0.0,4.199999999999999,2.0999999999999996,2.0999999999999996,0.0,0,0,0,10.1877648953472,0.0
66,-1.9999999999999996,0.0,0.0,0.0,0.0,0.0,0.0,0.0,0.0,0,0,0,9.216304130509055,0.0
67,0.0,0.0,0.0,0.0,0.0,2.8,1.4,1.4,0.0,0,0,0,9.788244703372799,0.0
68,0.0,1.414213562373095,0.5151380471280704,1.414213562373095,0.0,9.0,5.500000000000001,3.5,17.040811988350637,0,0,0,10.599350597119228,4.929955000004611
69,-1.9999999999999996,0.0,0.0,0.0,0.0,0.1,0.0,0.1,0.0,0,0,0,9.788244703372799,0.0
70,2.0000000000000013,2.3027756377319983,3.685617020554314,2.3027756377319983,0.0,14.000000000000002,7.000000000000001,7.000000000000001,0.0,0,1,0,10.155209652374122,10.944782
71,-1.9999999999999996,1.414213562373095,0.5151380471280699,1.414213562373095,0.0,6.1,3.3000000000000003,2.8,0.0,0,0,0,10.603592033932802,14.611340000000013
72,0.0,1.0,0.0,1.0,0.0,2.8,1.4,1.4,0.0,0,0,0,9.784329405491452,51.650809999999865
73,3.1899382604325557,1.0,0.0,1.0,0.0,1.4,0.7,0.7,0.0,0,0,0,9.393111213049574,35.331019999998716
74,2.5615528128088294,3.449489742783178,1.0,3.449489742783178,0.0,14.600000000000003,8.300000000000002,6.300000000000001,-8.012323995552272,0,0,27,9.956087894484433,28.759887499999763
75,5.743563263848572,1.7320508075688805,2.7946690411990276,1.7320508075688805,0.0,13.100000000000001,6.800000000000002,6.300000000000001,0.0,0,0,0,7.972151707934209,23.235147500000153
76,-1.9999999999999996,0.0,0.0,-18.714984425651323,-18.714984425651323,-1.0,0.0,-1.0,0.0,0,0,0,9.592479809305344,0.0
77,1.2996251650502182,0.0,0.0,0.0,0.0,0.0,0.0,0.0,0.0,0,0,0,9.393111213049576,0.0
78,2.9999999999999996,0.0,0.0,0.0,0.0,0.0,0.0,0.0,0.0,0,0,0,9.212617608856851,0.0
79,0.0,1.0,0.0,1.0,0.0,2.8,1.4,1.4,0.0,0,0,0,9.77259290605678,18.156739999998877
80,-1.9999999999999996,1.0,0.0,1.0,0.0,1.4,0.7,0.7,0.0,0,0,0,9.98800479936,16.207390000002988
81,5.000000000000001,1.414213562373095,0.5151380471280704,1.414213562373095,0.0,4.199999999999999,2.0999999999999996,2.0999999999999996,0.0,0,0,0,7.512336608783773,21.906304999999975
82,2.0000000000000004,0.0,0.0,0.0,0.0,4.199999999999999,2.0999999999999996,2.0999999999999996,0.0,0,0,0,9.984009597440256,0.0
83,2.0000000000000004,0.0,0.0,0.0,0.0,0.0,0.0,0.0,0.0,0,0,0,9.013928537188642,0.0
84,-1.9999999999999996,0.0,0.0,0.0,0.0,0.1,0.0,0.1,0.0,0,0,0,9.984009597440256,0.0
85,0.0,0.0,0.0,0.0,0.0,5.699999999999999,3.6,2.0999999999999996,1.0000192688251772,0,0,0,10.395678464640001,0.0
86,-1.9999999999999996,1.0,0.0,1.0,0.0,4.199999999999999,2.0999999999999996,2.0999999999999996,0.0,0,0,0,9.780415673729253,7.002219999999397
87,0.0,0.0,0.0,0.0,0.0,5.6,2.8,2.8,0.0,0,0,0,9.78432940549145,0.0
88,2.0000000000000004,4.14241663867155,5.6392512461281585,4.14241663867155,0.0,28.099999999999994,14.799999999999995,13.299999999999997,20.163805950154046,0,1,24,12.87926131368584,34.03548928571354
89,3.000000000000002,1.414213562373095,0.5151380471280699,1.414213562373095,0.0,7.0,3.5,3.5,0.0,0,0,0,8.487232320701937,41.301175000000114
90,0.0,0.0,0.0,0.0,0.0,0.0,0.0,0.0,0.0,0,0,0,9.98800479936,0.0
91,2.0000000000000004,0.0,0.0,0.0,0.0,0.0,0.0,0.0,0.0,0,0,0,9.59631833664,0.0
92,-6.461844948013606e-17,0.0,0.0,0.0,0.0,2.8,1.4,1.4,0.0,0,0,0,10.18368978938906,0.0
93,-1.9999999999999996,3.2566165379829393,4.142878710533222,3.2566165379829393,0.0,21.0,10.5,10.5,0.0,0,1,77,12.160717574135333,25.083959999999763
94,0.0,2.4811943040920132,3.3280312894956086,2.4811943040920132,0.0,15.000000000000004,8.000000000000002,7.000000000000001,0.0,0,0,0,11.239118955647427,28.888128333333803
95,-1.9999999999999996,0.0,0.0,0.0,0.0,0.1,0.0,0.1,0.0,0,0,0,9.592479809305344,0.0
96,0.0,1.414213562373095,0.5151380471280705,-151.73518310341862,-153.14939666579173,7.4,4.2,3.1999999999999997,0.0,0,0,0,9.768683868894357,45.21216999999979
97,-1.9999999999999996,1.0,0.0,1.0,0.0,4.199999999999999,2.0999999999999996,2.0999999999999996,0.0,0,0,0,9.78432940549145,8.871620000000178
98,-1.9999999999999996,0.0,0.0,0.0,0.0,0.1,0.0,0.1,0.0,0,0,0,9.98800479936,0.0
99,2.0000000000000004,0.0,0.0,0.0,0.0,0.0,0.0,0.0,0.0,0,0,0,9.20893256181331,0.0
100,5.260808018163675,2.875763581503833,2.729670560047767,2.875763581503833,0.0,18.200000000000003,9.100000000000001,9.100000000000001,0.0,0,0,26,8.115344557957117,19.824459999999924
101,0.0,0.0,0.0,0.0,0.0,0.0,0.0,0.0,0.0,0,0,0,9.78432940549145,0.0
102,-1.9999999999999996,0.0,0.0,0.0,0.0,1.4,0.7,0.7,0.0,0,0,0,9.988004799359999,0.0
103,-6.461844948013606e-17,1.0,0.0,1.0,0.0,4.199999999999999,2.0999999999999996,2.0999999999999996,0.0,0,0,0,9.780415673729255,10.535040000002027
104,-2.000000000000001,0.0,0.0,0.0,0.0,1.4,0.7,0.7,0.0,0,0,0,9.205248988788583,0.0
105,3.189938260432557,0.0,0.0,0.0,0.0,0.0,0.0,0.0,0.0,0,0,0,9.028365256679715,0.0
106,1.5615528128088305,0.0,0.0,0.0,0.0,0.0,0.0,0.0,0.0,0,0,0,9.400630213119237,0.0
107,0.0,2.0000000000000004,2.5615528128088303,2.0000000000000004,0.0,13.100000000000001,6.800000000000001,6.300000000000001,0.0,0,0,28,11.014336576534484,24.314450000000157
108,2.0000000000000004,0.0,0.0,0.0,0.0,0.0,0.0,0.0,0.0,0,0,0,9.20893256181331,0.0
109,0.0,1.0,0.0,1.0,0.0,4.199999999999999,2.0999999999999996,2.0999999999999996,0.0,0,0,0,10.391520193254147,13.058399999999892
110,2.0000000000000004,1.0,0.0,1.0,0.0,4.299999999999999,2.0999999999999996,2.1999999999999997,0.0,0,0,0,9.768683868894357,17.14130000000295
111,-1.9999999999999996,0.0,0.0,0.0,0.0,1.4,0.7,0.7,0.0,0,0,0,9.592479809305345,0.0
112,2.3521578068491973,1.0,0.0,-159.1899737458107,-160.1899737458107,0.5,0.7,-0.19999999999999996,0.0,0,0,0,9.017535551409207,25.07257999999524
113,0.0,0.0,0.0,0.0,0.0,0.0,0.0,0.0,0.0,0,0,0,9.988004799359999,0.0
114,-1.9999999999999996,1.0,0.0,1.0,0.0,2.4,1.7,0.7,13.06239387595082,0,0,0,9.984009597440258,21.75624999999627
115,2.0000000000000004,0.0,0.0,0.0,0.0,0.1,0.0,0.1,0.0,0,0,0,8.84779795154612,0.0
116,0.0,1.0,0.0,1.0,0.0,8.900000000000002,4.700000000000001,4.2,0.0,0,0,0,10.599350597119228,8.477850000001581
117,-1.9999999999999996,0.0,0.0,0.0,0.0,0.0,0.0,0.0,0.0,0,0,0,9.58864281738162,0.0
118,1.9999999999999993,1.6180339887498942,1.919110689760912,1.6180339887498942,0.0,14.600000000000001,8.3,6.300000000000001,20.150356409544152,0,0,0,10.350028851675482,16.267813333330803
119,0.31907245193348804,0.0,0.0,0.0,0.0,0.0,0.0,0.0,0.0,0,0,0,9.212617608856853,0.0
120,1.5615528128088314,1.414213562373095,0.5151380471280704,1.414213562373095,0.0,6.1,3.3000000000000003,2.8,0.0,0,0,0,10.179616313473305,14.533489999996618
121,-2.5615528128088303,0.0,0.0,0.0,0.0,0.0,0.0,0.0,0.0,0,0,0,9.98800479936,0.0
122,2.0000000000000004,1.414213562373095,2.5615528128088303,1.414213562373095,0.0,16.400000000000002,8.700000000000001,7.700000000000001,-8.010725433541724,0,0,0,10.785416332175766,16.01874999999988
123,0.0,1.6180339887498942,3.6261980685272945,1.6180339887498942,0.0,18.200000000000003,9.100000000000001,9.100000000000001,0.0,0,0,0,11.688502089711,35.6773460000004
124,0.0,1.0,0.0,1.0,0.0,2.9,1.4,1.5,0.0,0,0,0,10.187764895347202,18.707009999998263
125,0.0,0.0,0.0,0.0,0.0,7.0,3.5,3.5,0.0,0,0,0,10.183689789389058,0.0
126,0.0,1.0,0.0,-51.1809942705419,-52.1809942705419,1.7999999999999998,1.4,0.3999999999999999,0.0,0,0,0,9.98001599360128,50.699179999996886
127,0.0,0.0,0.0,0.0,0.0,4.299999999999999,2.0999999999999996,2.1999999999999997,0.0,0,0,0,9.984009597440256,0.0
128,2.0000000000000004,1.414213562373095,2.5615528128088307,1.414213562373095,0.0,16.400000000000002,8.700000000000001,7.700000000000001,0.0,0,0,0,10.557029428708994,14.423666666666577
129,0.0,1.414213562373095,1.0000000000000007,1.414213562373095,0.0,5.6,2.8,2.8,0.0,0,0,0,10.175544466947917,6.447980000000939
130,0.0,0.0,0.0,0.0,0.0,2.8,1.4,1.4,0.0,0,0,0,9.988004799359999,0.0
131,2.5615528128088325,0.0,0.0,0.0,0.0,2.8,1.4,1.4,0.0,0,0,0,9.20893256181331,0.0
132,0.0,1.0,0.0,1.0,0.0,5.6,2.8,2.8,0.0,0,0,0,10.187764895347202,26.805449999999382
133,-1.9999999999999996,2.170086486626033,3.0000000000000044,2.170086486626033,0.0,12.200000000000001,6.6000000000000005,5.6000000000000005,4.002054127500784,0,1,0,11.023153335498348,20.747247500000867
134,-1.9999999999999996,1.414213562373095,0.5151380471280699,1.414213562373095,0.0,6.6,3.8000000000000003,2.8,-9.018853334241527,0,0,0,10.391520193254145,22.17256500000076
135,0.0,1.414213562373095,0.5151380471280699,1.414213562373095,0.0,7.500000000000001,4.000000000000001,3.5,0.0,0,0,0,10.38736358517684,23.573390000003656
136,0.0,1.0,0.0,1.0,0.0,6.6,3.8000000000000003,2.8,-15.086230129173872,0,0,0,10.603592033932802,13.624859999999899
137,0.0,0.0,0.0,0.0,0.0,0.0,0.0,0.0,0.0,0,0,0,9.59631833664,0.0
138,-1.9999999999999996,0.0,0.0,0.0,0.0,1.9,1.2,0.7,0.0,0,0,0,9.596318336640001,0.0
139,0.0,1.0,0.0,1.0,0.0,4.199999999999999,2.0999999999999996,2.0999999999999996,0.0,0,0,0,9.784329405491452,18.261319999996886
140,0.0,1.0,0.0,1.0,0.0,7.1,3.5,3.6,0.0,0,0,0,10.59087281253763,20.16495999999961
141,0.0,1.414213562373095,0.5151380471280705,1.414213562373095,0.0,5.699999999999999,2.8,2.9,0.0,0,0,0,9.772592906056778,17.811349999999493
142,-1.9999999999999996,0.0,0.0,0.0,0.0,0.0,0.0,0.0,0.0,0,0,0,9.988004799359999,0.0
143,-1.9999999999999996,0.0,0.0,0.0,0.0,2.8,1.4,1.4,0.0,0,0,0,9.984009597440256,0.0
144,0.0,0.0,0.0,0.0,0.0,0.0,0.0,0.0,0.0,0,0,0,9.4043919699072,0.0
145,0.0,0.0,0.0,0.0,0.0,1.4,0.7,0.7,0.0,0,0,0,9.988004799359999,0.0
146,-1.9999999999999996,0.0,0.0,0.0,0.0,0.1,0.0,0.1,0.0,0,0,0,10.187764895347202,0.0
147,-2.5615528128088303,0.0,0.0,0.0,0.0,0.0,0.0,0.0,0.0,0,0,0,10.379055356286873,0.0
148,0.0,0.0,0.0,-99.45516909342491,-99.45516909342491,-1.0,0.0,-1.0,0.0,0,0,0,9.78432940549145,0.0
149,-6.461844948013606e-17,0.0,0.0,-69.8471324291324,-69.8471324291324,-0.9,0.0,-0.9,0.0,0,0,0,9.98001599360128,0.0
150,-2.000000000000001,0.0,0.0,0.0,0.0,3.0,1.4,1.6,0.0,0,0,0,9.58864281738162,0.0
151,0.0,1.0,0.0,1.0,0.0,2.4,1.7,0.7,0.0,0,0,0,10.1877648953472,28.085399999999936
152,3.000000000000001,0.0,0.0,-153.2349583744204,-153.2349583744204,-2.0,0.0,-2.0,0.0,0,0,0,8.650052770658592,0.0
153,1.95590071916385e-16,1.0,0.0,1.0,0.0,5.6,2.8,2.8,0.0,0,0,0,10.37905535628688,33.59182000001056
154,-1.0,0.0,0.0,0.0,0.0,11.200000000000001,5.6000000000000005,5.6000000000000005,0.0,0,0,0,10.785416332175764,0.0
155,-1.9999999999999996,1.0,0.0,1.0,0.0,14.600000000000001,8.3,6.300000000000001,-9.014918047748091,0,0,0,10.155209652374126,23.088870000001407
156,2.0000000000000004,0.0,0.0,0.0,0.0,0.0,0.0,0.0,0.0,0,0,0,9.21999212736,0.0
157,2.561552812808828,1.0,0.0,1.0,0.0,2.8,1.4,1.4,0.0,0,0,0,9.588642817381622,17.863320000000158
158,-2.000000000000001,0.0,0.0,0.0,0.0,0.1,0.0,0.1,0.0,0,0,0,10.18368978938906,0.0
159,-1.9999999999999996,0.0,0.0,0.0,0.0,4.199999999999999,2.0999999999999996,2.0999999999999996,0.0,0,0,0,10.18368978938906,0.0
160,-1.9999999999999996,0.0,0.0,0.0,0.0,2.8,1.4,1.4,0.0,0,0,0,9.7882447033728,0.0
161,-1.9999999999999996,0.0,0.0,0.0,0.0,1.4,0.7,0.7,0.0,0,0,0,9.984009597440256,0.0
162,2.0000000000000004,1.414213562373095,0.5151380471280705,1.414213562373095,0.0,4.199999999999999,2.0999999999999996,2.0999999999999996,0.0,0,0,0,10.379055356286877,52.03450499999917
163,0.0,0.0,0.0,0.0,0.0,5.6,2.8,2.8,0.0,0,0,0,10.6035920339328,0.0
164,3.4405516630130957,0.0,0.0,0.0,0.0,1.4,0.7,0.7,0.0,0,0,0,9.028365256679715,0.0
165,-2.5615528128088303,0.0,0.0,0.0,0.0,0.0,0.0,0.0,0.0,0,0,0,9.788244703372799,0.0
166,0.0,1.0,0.0,1.0,0.0,9.8,4.9,4.9,0.0,0,0,0,10.379055356286875,11.76291000000333
167,0.0,0.0,0.0,-144.0839096873345,-144.0839096873345,-0.9,0.0,-0.9,0.0,0,0,0,9.4043919699072,0.0
168,2.5615528128088303,1.0,0.0,1.0,0.0,5.6,2.8,2.8,0.0,0,0,0,9.584807360254668,24.762399999999616
169,2.0000000000000004,1.0,0.0,1.0,0.0,4.199999999999999,2.0999999999999996,2.0999999999999996,0.0,0,0,0,9.976023987203842,6.914349999995011
170,0.0,0.0,0.0,0.0,0.0,0.1,0.0,0.1,0.0,0,0,0,9.976023987203838,0.0
171,2.0000000000000004,0.0,0.0,0.0,0.0,8.4,4.2,4.2,0.0,0,0,0,9.768683868894357,0.0
172,0.0,0.0,0.0,-44.78950556702421,-44.78950556702421,3.1999999999999993,2.0999999999999996,1.0999999999999999,0.0,0,0,0,10.1877648953472,0.0
173,-1.9999999999999996,1.0,0.0,1.0,0.0,2.8,1.4,1.4,0.0,0,0,0,10.18368978938906,17.06898000000365
174,-1.9999999999999996,0.0,0.0,0.0,0.0,5.199999999999999,3.1,2.0999999999999996,-5.002404934307813,0,0,0,9.97602398720384,0.0
175,2.193455047793488,0.0,0.0,0.0,0.0,0.0,0.0,0.0,0.0,0,0,0,9.021144009012811,0.0
176,-1.9999999999999996,0.0,0.0,0.0,0.0,1.4,0.7,0.7,0.0,0,0,0,9.988004799359999,0.0
177,0.0,2.0000000000000004,0.0,2.0000000000000004,0.0,2.9,1.4,1.5,0.0,0,0,28,10.183689789389058,11.918205000000057
178,0.0,1.7320508075688783,2.794669041199029,1.7320508075688783,0.0,11.200000000000001,5.6000000000000005,5.6000000000000005,0.0,0,0,0,11.252616695145758,24.64575399999967
179,2.0000000000000004,1.414213562373095,0.5151380471280699,1.414213562373095,0.0,10.3,5.400000000000001,4.9,0.0,0,0,0,10.17147424916114,40.468625000000316
180,-2.5615528128088303,0.0,0.0,0.0,0.0,1.4,0.7,0.7,0.0,0,0,0,9.98800479936,0.0
181,-6.461844948013606e-17,0.0,0.0,-110.39861632845039,-110.39861632845039,-1.0,0.0,-1.0,0.0,0,0,0,9.584807360254668,0.0
182,2.0000000000000004,1.0,0.0,-92.7125971172377,-93.7125971172377,3.1999999999999993,2.0999999999999996,1.0999999999999999,0.0,0,0,0,9.569480867439864,18.96498000000065
183,-1.9999999999999996,0.0,0.0,0.0,0.0,5.6,2.8,2.8,0.0,0,0,0,10.383208639742776,0.0
184,0.0,1.0,0.0,1.0,0.0,3.8,2.4,1.4,0.0,0,0,0,10.6035920339328,13.078169999998863
185,2.0000000000000004,1.8019377358048394,3.35652322695595,1.8019377358048394,0.0,10.8,5.9,4.9,-3.000891804503752,0,0,0,10.155209652374124,22.672592000000805
186,-1.0,0.0,0.0,0.0,0.0,0.0,0.0,0.0,0.0,0,0,0,9.984009597440256,0.0
187,0.0,0.0,0.0,0.0,0.0,0.0,0.0,0.0,0.0,0,0,0,10.395678464640001,0.0
188,0.0,0.0,0.0,0.0,0.0,2.8,1.4,1.4,0.0,0,0,0,9.988004799359999,0.0
189,-6.461844948013606e-17,1.414213562373095,0.5151380471280699,1.414213562373095,0.0,7.0,3.5,3.5,0.0,0,0,0,10.815663874611454,8.91189999999824
190,0.0,0.0,0.0,0.0,0.0,0.0,0.0,0.0,0.0,0,0,0,10.187764895347202,0.0
191,2.0000000000000004,1.0,0.0,1.0,0.0,9.8,4.9,4.9,0.0,0,0,0,10.15114756851317,25.068490000003294
192,-6.461844948013606e-17,0.0,0.0,0.0,0.0,0.0,0.0,0.0,0.0,0,0,0,9.984009597440256,0.0
193,0.0,0.0,0.0,0.0,0.0,4.199999999999999,2.0999999999999996,2.0999999999999996,0.0,0,0,0,9.984009597440256,0.0
194,-1.9999999999999996,1.0,0.0,-89.52262215448998,-90.52262215448998,0.3999999999999999,0.7,-0.30000000000000004,0.0,0,0,0,9.596318336639998,21.10419999999749
195,0.0,1.0,0.0,1.0,0.0,2.8,1.4,1.4,0.0,0,0,0,10.1877648953472,24.016759999998385
196,0.0,0.0,0.0,0.0,0.0,1.0,1.0,0.0,8.010261136547959,0,0,0,9.984009597440256,0.0
197,0.0,0.0,0.0,0.0,0.0,2.9,1.4,1.5,0.0,0,0,0,10.595110856880382,0.0
198,5.1770653736182837e-17,2.9999999999999996,1.0,2.9999999999999996,0.0,12.700000000000001,7.1000000000000005,5.6000000000000005,-8.010725433541724,0,1,52,10.58240180882725,22.710319999999683
199,0.0,0.0,0.0,0.0,0.0,0.0,0.0,0.0,0.0,0,0,0,9.98800479936,0.0
200,-1.9999999999999996,0.0,0.0,0.0,0.0,0.0,0.0,0.0,0.0,0,0,0,9.98800479936,0.0
201,-1.9999999999999996,0.0,0.0,0.0,0.0,0.0,0.0,0.0,0.0,0,0,0,9.788244703372799,0.0
202,0.0,1.6180339887498942,1.919110689760912,1.6180339887498942,0.0,6.1,3.3000000000000003,2.8,0.0,0,0,0,10.595110856880382,27.846273333333706
203,-1.9999999999999996,0.0,0.0,0.0,0.0,0.0,0.0,0.0,0.0,0,0,0,9.596318336640001,0.0
204,0.0,1.0,0.0,1.0,0.0,11.700000000000003,6.100000000000001,5.6000000000000005,0.0,0,0,0,10.789732225065796,14.073130000006131
205,0.0,1.0,0.0,1.0,0.0,2.8,1.4,1.4,0.0,0,0,0,10.18368978938906,33.77537000000302
206,-2.000000000000001,2.2882456112707357,2.2297090891336846,2.2882456112707357,0.0,14.000000000000002,7.000000000000001,7.000000000000001,0.0,0,0,27,9.550357210751129,21.55462249999914
207,0.0,0.0,0.0,0.0,0.0,0.0,0.0,0.0,0.0,0,0,0,9.596318336639998,0.0
208,0.0,0.0,0.0,0.0,0.0,0.0,0.0,0.0,0.0,0,0,0,9.984009597440256,0.0
209,2.701562118716424,1.0,0.0,1.0,0.0,11.200000000000001,5.6000000000000005,5.6000000000000005,0.0,0,0,0,8.999514902593203,455.7735699999995
210,-1.9999999999999996,0.0,0.0,0.0,0.0,0.0,0.0,0.0,0.0,0,0,0,9.59631833664,0.0
211,-1.9999999999999996,1.0,0.0,1.0,0.0,6.1,3.3000000000000003,2.8,0.0,0,0,0,10.383208639742774,14.004300000000285
212,-1.9999999999999996,1.414213562373095,0.5151380471280704,1.414213562373095,0.0,9.8,4.9,4.9,0.0,0,0,0,10.379055356286873,21.746834999999578
213,1.9999999999999993,0.0,0.0,0.0,0.0,2.8,1.4,1.4,0.0,0,0,0,8.833649966444867,0.0
214,0.31907245193348793,0.0,0.0,0.0,0.0,1.4,0.7,0.7,0.0,0,0,0,9.588642817381622,0.0
215,-1.9999999999999996,0.0,0.0,0.0,0.0,0.1,0.0,0.1,0.0,0,0,0,9.788244703372799,0.0
216,-1.9999999999999996,0.0,0.0,0.0,0.0,0.0,0.0,0.0,0.0,0,0,0,9.7882447033728,0.0
217,0.0,2.23606797749979,0.3362559632125939,2.23606797749979,0.0,6.6,3.8000000000000003,2.8,-14.084125266569503,0,0,27,10.6035920339328,21.96912999999995
218,2.0000000000000004,2.2882456112707374,2.229709089133685,2.2882456112707374,0.0,8.4,4.2,4.2,0.0,0,0,27,10.595110856880382,16.913827499999456
219,0.0,1.414213562373095,0.5151380471280705,1.414213562373095,0.0,7.0,3.5,3.5,0.0,0,0,0,10.38736358517684,20.06550999999945
220,0.0,0.0,0.0,0.0,0.0,4.199999999999999,2.0999999999999996,2.0999999999999996,0.0,0,0,0,10.395678464640001,0.0
221,0.0,0.0,0.0,0.0,0.0,4.199999999999999,2.0999999999999996,2.0999999999999996,0.0,0,0,0,10.391520193254147,0.0
222,1.5615528128088314,1.414213562373095,0.5151380471280704,-197.99300423286468,-199.40721779523778,12.600000000000001,7.300000000000001,5.3,16.09945356450434,0,0,0,10.159273361718808,58.51238000000194
223,0.0,0.0,0.0,0.0,0.0,4.199999999999999,2.0999999999999996,2.0999999999999996,0.0,0,0,0,10.383208639742776,0.0
224,0.0,0.0,0.0,0.0,0.0,4.199999999999999,2.0999999999999996,2.0999999999999996,0.0,0,0,0,9.784329405491452,0.0
225,-1.9999999999999996,1.414213562373095,2.2470937057709334e-17,1.414213562373095,0.0,5.6,2.8,2.8,0.0,0,0,0,10.17147424916114,11.514310000000023
226,0.0,0.0,0.0,0.0,0.0,0.0,0.0,0.0,0.0,0,0,0,10.395678464640001,0.0
227,0.0,1.414213562373095,0.5151380471280705,1.414213562373095,0.0,4.199999999999999,2.0999999999999996,2.0999999999999996,0.0,0,0,0,10.18368978938906,27.38484499999913
228,-6.461844948013606e-17,0.0,0.0,0.0,0.0,0.0,0.0,0.0,0.0,0,0,0,9.772592906056778,0.0
229,1.5615528128088314,0.0,0.0,0.0,0.0,0.0,0.0,0.0,0.0,0,0,0,9.389353968564356,0.0
230,0.0,1.0,0.0,-75.30558854452823,-76.30558854452823,4.6,2.8,1.7999999999999996,0.0,0,0,0,10.18368978938906,34.36486000000741
231,0.31907245193348793,1.0,0.0,1.0,0.0,2.9,1.4,1.5,0.0,0,0,0,9.584807360254668,10.691640000004554
232,2.0000000000000004,1.0,2.5615528128088303,1.0,0.0,9.4,5.2,4.2,0.0,0,0,0,10.366605471141641,20.14713000000029
233,-6.461844948013606e-17,1.0,2.5615528128088303,1.0,0.0,8.4,4.2,4.2,0.0,0,0,0,9.56948086743986,13.54232000000593
234,0.0,0.0,0.0,0.0,0.0,1.0,1.0,0.0,-2.0001416751688494,0,0,0,9.98800479936,0.0
235,-1.9999999999999996,1.0,0.0,1.0,0.0,10.3,5.400000000000001,4.9,0.0,0,0,0,9.972033577608956,13.616189999997914
236,-1.9999999999999996,0.0,0.0,0.0,0.0,0.0,0.0,0.0,0.0,0,0,0,9.4043919699072,0.0
237,-1.9999999999999996,0.0,0.0,0.0,0.0,2.8,1.4,1.4,0.0,0,0,0,9.389353968564354,0.0
238,4.525789512042525,1.414213562373095,0.5151380471280704,1.414213562373095,0.0,4.199999999999999,2.0999999999999996,2.0999999999999996,0.0,0,0,0,8.826584459855706,34.73205999999891
239,0.0,1.0,0.0,1.0,0.0,6.6,3.8000000000000003,2.8,20.163805950154046,0,0,0,10.179616313473305,52.81756000000314
240,0.0,1.414213562373095,0.5151380471280699,1.414213562373095,0.0,4.199999999999999,2.0999999999999996,2.0999999999999996,0.0,0,0,0,10.599350597119226,26.305849999999964
241,-2.000000000000001,0.0,0.0,0.0,0.0,0.0,0.0,0.0,0.0,0,0,0,9.39686996103399,0.0
242,-1.9999999999999996,0.0,0.0,0.0,0.0,9.9,4.9,5.0,0.0,0,0,0,10.374903734144358,0.0
243,0.0,0.0,0.0,0.0,0.0,1.5,0.7,0.8,0.0,0,0,0,9.7882447033728,0.0
244,2.721600470284511,0.0,0.0,0.0,0.0,1.5,0.7,0.7999999999999999,0.0,0,0,0,8.487232320701935,0.0
245,2.0000000000000004,0.0,0.0,0.0,0.0,1.4,0.7,0.7,0.0,0,0,0,8.844258832365501,0.0
246,-1.9999999999999996,0.0,0.0,0.0,0.0,4.199999999999999,2.0999999999999996,2.0999999999999996,0.0,0,0,0,9.776503507459763,0.0
247,2.5615528128088316,0.0,0.0,0.0,0.0,4.199999999999999,2.0999999999999996,2.0999999999999996,0.0,0,0,0,9.584807360254668,0.0
248,0.0,0.0,0.0,0.0,0.0,0.1,0.0,0.1,0.0,0,0,0,10.1877648953472,0.0
249,0.0,0.0,0.0,0.0,0.0,2.9,1.4,1.5,0.0,0,0,0,9.98001599360128,0.0
250,-1.9999999999999996,0.0,0.0,0.0,0.0,0.1,0.0,0.1,0.0,0,0,0,9.976023987203838,0.0
251,-1.9999999999999996,0.0,0.0,0.0,0.0,1.0,1.0,0.0,-13.055032292608834,0,0,0,9.988004799359999,0.0
252,-6.461844948013606e-17,0.0,0.0,0.0,0.0,2.8,1.4,1.4,0.0,0,0,0,9.980015993601278,0.0
253,-1.9999999999999996,0.0,0.0,0.0,0.0,0.0,0.0,0.0,0.0,0,0,0,9.59631833664,0.0
254,0.0,0.0,0.0,0.0,0.0,0.0,0.0,0.0,0.0,0,0,0,9.59631833664,0.0
255,3.4405516630130952,1.0,0.0,1.0,0.0,9.8,4.9,4.9,0.0,0,0,0,9.753063350140106,73.00490999999965
256,-1.9999999999999996,0.0,0.0,0.0,0.0,0.0,0.0,0.0,0.0,0,0,0,9.59631833664,0.0
257,1.5615528128088296,0.0,0.0,0.0,0.0,2.8,1.4,1.4,0.0,0,0,0,9.205248988788583,0.0
258,-1.9999999999999996,0.0,0.0,-80.71671247740979,-80.71671247740979,-1.0,0.0,-1.0,0.0,0,0,0,9.584807360254668,0.0
259,2.0000000000000004,1.0,0.0,1.0,0.0,8.5,4.2,4.3,0.0,0,0,0,9.960071923253736,22.63049999999339
260,0.0,0.0,0.0,0.0,0.0,0.0,0.0,0.0,0.0,0,0,0,9.780415673729253,0.0
261,-1.9999999999999996,0.0,0.0,0.0,0.0,0.0,0.0,0.0,0.0,0,0,0,10.1877648953472,0.0
262,0.0,0.0,0.0,0.0,0.0,0.1,0.0,0.1,0.0,0,0,0,9.592479809305344,0.0
263,-1.9999999999999996,0.0,0.0,0.0,0.0,0.1,0.0,0.1,0.0,0,0,0,9.592479809305344,0.0
264,0.0,0.0,0.0,-148.98029067107797,-148.98029067107797,-0.9,0.0,-0.9,0.0,0,0,0,9.584807360254668,0.0
265,4.355568957448291,0.0,0.0,-44.43971566618262,-44.43971566618262,1.7999999999999998,1.4,0.3999999999999999,0.0,0,0,0,7.822091429387518,0.0
266,0.0,1.0,0.0,1.0,0.0,5.6,2.8,2.8,0.0,0,0,0,10.379055356286875,30.467409999999973
267,0.0,0.0,0.0,-76.74572689170277,-76.74572689170277,-1.0,0.0,-1.0,0.0,0,0,0,9.59631833664,0.0
268,7.407289019063524,0.0,0.0,0.0,0.0,5.6,2.8,2.8,0.0,0,0,0,6.388661712660706,0.0
269,2.0000000000000004,0.0,0.0,0.0,0.0,0.0,0.0,0.0,0.0,0,0,0,9.59631833664,0.0
270,7.658570054777512,1.0,0.0,-86.84743149600571,-87.84743149600571,0.5,0.7,-0.19999999999999996,0.0,0,0,0,5.552821076329338,23.976319999999305
271,-1.9999999999999996,0.0,0.0,-114.47188962924106,-114.47188962924106,-1.0,0.0,-1.0,0.0,0,0,0,9.216304130509057,0.0
272,-1.9999999999999996,1.0,0.0,1.0,0.0,4.199999999999999,2.0999999999999996,2.0999999999999996,0.0,0,0,0,9.780415673729253,29.46778000000222
273,3.608711815150886,1.414213562373095,0.5151380471280699,1.414213562373095,0.0,5.6,2.8,2.8,0.0,0,0,0,9.013928537188642,22.85120500000062
274,4.422415054479313,0.0,0.0,0.0,0.0,4.199999999999999,2.0999999999999996,2.0999999999999996,0.0,0,0,0,7.370931456780876,0.0
275,-6.461844948013606e-17,0.0,0.0,0.0,0.0,0.0,0.0,0.0,0.0,0,0,0,9.031978047898875,0.0
276,0.0,1.7320508075688783,3.000000000000005,1.7320508075688783,0.0,8.4,4.2,4.2,0.0,0,0,0,11.230129458741946,48.81006250000041
277,0.0,2.414213562373095,0.0,2.414213562373095,0.0,5.6,2.8,2.8,0.0,0,0,0,9.78432940549145,6.1623599999984435
278,-6.461844948013606e-17,0.0,0.0,0.0,0.0,0.0,0.0,0.0,0.0,0,0,0,9.400630213119237,0.0
279,0.0,1.414213562373095,0.5151380471280704,1.414213562373095,0.0,5.699999999999999,2.8,2.9,0.0,0,0,0,10.171474249161141,11.729854999998679
280,-1.9999999999999996,0.0,0.0,0.0,0.0,0.0,0.0,0.0,0.0,0,0,0,9.59631833664,0.0
281,-1.9999999999999996,0.0,0.0,0.0,0.0,0.0,0.0,0.0,0.0,0,0,0,9.393111213049574,0.0
282,0.0,1.0,0.0,1.0,0.0,4.199999999999999,2.0999999999999996,2.0999999999999996,0.0,0,0,0,10.395678464640001,19.61287000000084
283,3.372281323269014,1.0,0.0,1.0,0.0,2.8,1.4,1.4,0.0,0,0,0,9.584807360254668,8.809060000007776
284,1.5615528128088296,2.711289996735145,3.9014863515413065,2.711289996735145,0.0,14.000000000000002,7.000000000000001,7.000000000000001,0.0,0,0,53,10.789732225065789,25.022232857143404
285,0.0,1.0,0.0,1.0,0.0,4.199999999999999,2.0999999999999996,2.0999999999999996,0.0,0,0,0,10.1877648953472,11.972749999999337
286,-6.461844948013606e-17,1.0,0.0,1.0,0.0,1.4,0.7,0.7,0.0,0,0,0,9.592479809305344,10.0607100000002
287,2.0000000000000004,0.0,0.0,0.0,0.0,0.0,0.0,0.0,0.0,0,0,0,9.98800479936,0.0
288,1.5615528128088314,3.8847701339089387,5.301797455299251,3.8847701339089387,0.0,15.400000000000002,7.700000000000001,7.700000000000001,0.0,0,2,52,10.561253930281103,28.27478444444447
289,0.0,0.0,0.0,0.0,0.0,0.0,0.0,0.0,0.0,0,0,0,9.59631833664,0.0
290,0.0,1.0,0.0,1.0,0.0,1.4,0.7,0.7,0.0,0,0,0,10.187764895347202,5.301170000000184
291,2.0000000000000004,2.0000000000000004,0.0,2.0000000000000004,0.0,11.700000000000001,6.1000000000000005,5.6000000000000005,0.0,0,0,0,10.374903734144361,12.848944999998366
292,-1.9999999999999996,1.414213562373095,0.5151380471280704,1.414213562373095,0.0,2.8,1.4,1.4,0.0,0,0,0,10.391520193254145,19.85533499999974
293,0.9999999999999996,0.0,0.0,0.0,0.0,0.1,0.0,0.1,0.0,0,0,0,9.20893256181331,0.0
294,-1.9999999999999996,1.414213562373095,0.5151380471280705,1.414213562373095,0.0,2.8,1.4,1.4,0.0,0,0,0,9.984009597440256,100.85209000000077
295,-6.461844948013606e-17,0.0,0.0,0.0,0.0,8.6,4.2,4.3999999999999995,0.0,0,0,0,9.756966136594745,0.0
296,0.3190724519334883,0.0,0.0,0.0,0.0,0.1,0.0,0.1,0.0,0,0,0,9.592479809305344,0.0
297,3.8498527456077127,0.0,0.0,0.0,0.0,8.5,4.2,4.3,0.0,0,0,0,8.141360467321705,0.0
298,1.5615528128088303,1.414213562373095,0.5151380471280704,1.414213562373095,0.0,2.8,1.4,1.4,0.0,0,0,0,9.57331019151647,24.284514999999658
299,2.0000000000000004,0.0,0.0,0.0,0.0,4.199999999999999,2.0999999999999996,2.0999999999999996,0.0,0,0,0,9.592479809305344,0.0
300,2.0000000000000004,0.0,0.0,0.0,0.0,0.0,0.0,0.0,0.0,0,0,0,9.580973437310567,0.0
301,-1.9999999999999996,0.0,0.0,0.0,0.0,0.0,0.0,0.0,0.0,0,0,0,9.976023987203838,0.0
302,2.0000000000000004,1.414213562373095,0.5151380471280705,1.414213562373095,0.0,5.699999999999999,2.8,2.9,0.0,0,0,0,9.370590277585594,16.940380000000914
303,-1.9999999999999996,0.0,0.0,0.0,0.0,0.0,0.0,0.0,0.0,0,0,0,9.4043919699072,0.0
304,2.857044668710824,2.2360679774997894,1.0,2.2360679774997894,0.0,7.0,3.5,3.5,0.0,0,0,27,9.381843987686139,13.64101333333262
305,-1.9999999999999996,0.0,0.0,0.0,0.0,0.0,0.0,0.0,0.0,0,0,0,9.4043919699072,0.0
306,4.268039922512563,3.177376336896879,5.710870778209006,3.177376336896879,0.0,25.699999999999996,13.099999999999996,12.599999999999998,0.0,0,1,0,10.110615988595338,23.81919909091101
307,0.0,1.414213562373095,2.5615528128088316,1.414213562373095,0.0,7.0,3.5,3.5,0.0,0,0,0,10.582401808827246,72.20563666666597
308,-2.5615528128088303,4.967257796173726,5.509210922659909,4.967257796173726,0.0,23.799999999999997,11.899999999999999,11.899999999999999,0.0,0,3,76,13.431787541756393,23.29560124999972
309,-6.461844948013606e-17,1.6180339887498938,1.9191106897609143,1.6180339887498938,0.0,11.700000000000003,6.100000000000001,5.6000000000000005,0.0,0,0,0,10.807013074017984,29.962090000000593
310,-1.0,0.0,0.0,0.0,0.0,1.4,0.7,0.7,0.0,0,0,0,9.77259290605678,0.0
311,0.0,0.0,0.0,0.0,0.0,0.0,0.0,0.0,0.0,0,0,0,9.98800479936,0.0
312,0.0,1.0,2.5615528128088303,1.0,0.0,5.6,2.8,2.8,0.0,0,0,0,10.387363585176846,20.335264999999367
313,0.0,0.0,0.0,0.0,0.0,0.0,0.0,0.0,0.0,0,0,0,9.4043919699072,0.0
314,1.5615528128088314,2.23606797749979,0.9999999999999994,2.23606797749979,0.0,5.6,2.8,2.8,0.0,0,0,27,9.968044764177913,15.62673666666683
315,-1.9999999999999996,0.0,0.0,0.0,0.0,5.6,2.8,2.8,0.0,0,0,0,9.780415673729253,0.0
316,0.0,0.0,0.0,0.0,0.0,0.1,0.0,0.1,0.0,0,0,0,9.984009597440256,0.0
317,-1.9999999999999996,0.0,0.0,0.0,0.0,4.699999999999999,2.6,2.0999999999999996,0.0,0,0,0,9.98001599360128,0.0
318,0.0,0.0,0.0,0.0,0.0,1.0,1.0,0.0,-11.030423891903206,0,0,0,9.98800479936,0.0
319,0.0,0.0,0.0,0.0,0.0,0.1,0.0,0.1,0.0,0,0,0,10.595110856880384,0.0
320,-1.9999999999999996,2.0000000000000004,0.0,2.0000000000000004,0.0,7.0,3.5,3.5,0.0,0,0,28,10.183689789389064,24.380290000001423
321,0.0,1.7320508075688772,0.6900164415262006,1.7320508075688772,0.0,7.0,3.5,3.5,0.0,0,0,0,9.768683868894358,23.288393333335385
322,-1.9999999999999996,0.0,0.0,0.0,0.0,0.0,0.0,0.0,0.0,0,0,0,9.216304130509055,0.0
323,0.0,0.0,0.0,0.0,0.0,5.6,2.8,2.8,0.0,0,0,0,10.187764895347202,0.0
324,-1.9999999999999996,0.0,0.0,-190.17511321893565,-190.17511321893565,-1.0,0.0,-1.0,0.0,0,0,0,10.1877648953472,0.0
325,-1.9999999999999996,0.0,0.0,0.0,0.0,7.0,3.5,3.5,0.0,0,0,0,9.972033577608961,0.0
326,0.0,1.0,0.0,1.0,0.0,2.8,1.4,1.4,0.0,0,0,0,9.98800479936,13.407489999999598
327,-6.461844948013606e-17,1.9318516525781368,2.5615528128088307,1.9318516525781368,0.0,11.200000000000001,5.6000000000000005,5.6000000000000005,0.0,0,0,0,10.789732225065794,53.82740399999966
328,0.0,0.0,0.0,0.0,0.0,0.0,0.0,0.0,0.0,0,0,0,9.98800479936,0.0
329,-1.9999999999999996,0.0,0.0,0.0,0.0,0.0,0.0,0.0,0.0,0,0,0,10.39567846464,0.0
330,2.0000000000000004,1.6180339887498938,1.9191106897609154,-23.935239755019133,-25.553273743769026,7.4,4.2,3.1999999999999997,0.0,0,0,0,9.569480867439859,16.539796666666764
331,-1.9999999999999996,0.0,0.0,0.0,0.0,1.4,0.7,0.7,0.0,0,0,0,9.780415673729253,0.0
332,-6.461844948013606e-17,0.0,0.0,-136.4699934739364,-136.4699934739364,-0.9,0.0,-0.9,0.0,0,0,0,9.78432940549145,0.0
333,-6.461844948013606e-17,1.0,0.0,1.0,0.0,4.199999999999999,2.0999999999999996,2.0999999999999996,0.0,0,0,0,9.208932561813308,42.20190000000002
334,-1.9999999999999996,0.0,0.0,0.0,0.0,0.0,0.0,0.0,0.0,0,0,0,9.98800479936,0.0
335,2.0000000000000004,0.0,0.0,-46.16256821642261,-46.16256821642261,7.4,4.2,3.1999999999999997,0.0,0,0,0,9.003116149052824,0.0
336,-1.9999999999999996,0.0,0.0,-43.73439308486516,-43.73439308486516,-1.0,0.0,-1.0,0.0,0,0,0,9.984009597440256,0.0
337,0.0,0.0,0.0,-114.12563844903758,-114.12563844903758,-0.9,0.0,-0.9,0.0,0,0,0,9.788244703372799,0.0
338,0.0,0.0,0.0,0.0,0.0,1.4,0.7,0.7,0.0,0,0,0,9.40063021311924,0.0
339,2.9999999999999996,0.0,0.0,0.0,0.0,4.3999999999999995,2.0999999999999996,2.3,0.0,0,0,0,9.393111213049574,0.0
340,-1.9999999999999996,0.0,0.0,-203.63887479085622,-203.63887479085622,-1.0,0.0,-1.0,0.0,0,0,0,9.208932561813308,0.0
341,-1.9999999999999996,1.0,0.0,1.0,0.0,7.0,3.5,3.5,0.0,0,0,0,10.58663646341261,10.512589999998454
342,0.0,0.0,0.0,0.0,0.0,0.0,0.0,0.0,0.0,0,0,0,9.59631833664,0.0
343,-1.9999999999999996,0.0,0.0,-220.0196735783635,-220.0196735783635,-1.0,0.0,-1.0,0.0,0,0,0,9.216304130509055,0.0
344,-1.9999999999999996,0.0,0.0,0.0,0.0,0.0,0.0,0.0,0.0,0,0,0,9.788244703372799,0.0
345,-1.9999999999999996,1.414213562373095,0.5151380471280699,1.414213562373095,0.0,6.1,3.3000000000000003,2.8,0.0,0,0,0,10.1877648953472,35.296895000001314
346,0.0,0.0,0.0,0.0,0.0,0.0,0.0,0.0,0.0,0,0,0,9.7882447033728,0.0
347,-1.9999999999999996,0.0,0.0,0.0,0.0,4.199999999999999,2.0999999999999996,2.0999999999999996,0.0,0,0,0,10.1877648953472,0.0
348,-1.9999999999999996,2.2143197433775352,2.9999999999999996,2.2143197433775352,0.0,12.600000000000001,6.300000000000001,6.300000000000001,0.0,0,1,0,10.802690268788382,20.923705999998674
349,0.0,0.0,0.0,0.0,0.0,4.199999999999999,2.0999999999999996,2.0999999999999996,0.0,0,0,0,10.391520193254147,0.0
350,-1.9999999999999996,0.0,0.0,0.0,0.0,0.0,0.0,0.0,0.0,0,0,0,9.59631833664,0.0
351,0.0,0.0,0.0,0.0,0.0,4.199999999999999,2.0999999999999996,2.0999999999999996,0.0,0,0,0,10.395678464640001,0.0
352,1.5615528128088303,0.0,0.0,0.0,0.0,4.199999999999999,2.0999999999999996,2.0999999999999996,0.0,0,0,0,9.772592906056778,0.0
353,-1.9999999999999996,2.3027756377319943,3.40478885434287,2.3027756377319943,0.0,13.600000000000001,7.300000000000002,6.300000000000001,0.0,0,0,27,11.2481156484677,26.973859999999604
354,2.0000000000000004,1.414213562373095,0.5151380471280705,-159.36657693894549,-160.7807905013186,7.9,4.700000000000001,3.1999999999999997,0.0,0,0,0,9.190529425089247,18.5354099999995
355,2.0000000000000004,0.0,0.0,0.0,0.0,0.0,0.0,0.0,0.0,0,0,0,9.396869961033989,0.0
356,2.0000000000000004,0.0,0.0,-39.757765700588095,-39.757765700588095,-1.0,0.0,-1.0,0.0,0,0,0,9.772592906056778,0.0
357,-1.9999999999999996,0.0,0.0,0.0,0.0,0.0,0.0,0.0,0.0,0,0,0,9.984009597440256,0.0
358,2.576181666757072,0.0,0.0,0.0,0.0,0.2,0.0,0.2,0.0,0,0,0,8.144618314647564,0.0
359,-1.9999999999999996,1.0,0.0,1.0,0.0,5.6,2.8,2.8,0.0,0,0,0,9.976023987203838,25.542080000000453
360,-1.9999999999999996,1.0,0.0,1.0,0.0,2.9,1.4,1.5,0.0,0,0,0,9.984009597440256,17.4606399999999
361,-1.9999999999999996,0.0,0.0,0.0,0.0,4.199999999999999,2.0999999999999996,2.0999999999999996,0.0,0,0,0,10.1877648953472,0.0
362,0.0,0.0,0.0,0.0,0.0,5.6,2.8,2.8,0.0,0,0,0,9.984009597440256,0.0
363,-6.461844948013606e-17,0.0,0.0,0.0,0.0,0.0,0.0,0.0,0.0,0,0,0,9.216304130509055,0.0
364,-1.9999999999999996,0.0,0.0,0.0,0.0,0.1,0.0,0.1,0.0,0,0,0,9.59631833664,0.0
365,2.0000000000000004,4.110616977540187,5.848339934624518,4.110616977540187,0.0,32.69999999999999,16.599999999999994,16.099999999999994,0.0,0,2,49,13.142103381312086,34.2490707142859
366,2.0000000000000004,0.0,0.0,-69.64904470996025,-69.64904470996025,-0.9,0.0,-0.9,0.0,0,0,0,9.396869961033987,0.0
367,-1.9999999999999996,0.0,0.0,0.0,0.0,0.0,0.0,0.0,0.0,0,0,0,9.784329405491448,0.0
368,3.201472338219244,0.0,0.0,0.0,0.0,0.0,0.0,0.0,0.0,0,0,0,9.208932561813308,0.0
369,0.0,1.0,0.0,1.0,0.0,1.4,0.7,0.7,0.0,0,0,0,9.976023987203838,0.0
370,1.2996251650502175,0.0,0.0,0.0,0.0,1.4,0.7,0.7,0.0,0,0,0,9.028365256679715,0.0
371,-1.9999999999999996,1.0,0.0,1.0,0.0,4.199999999999999,2.0999999999999996,2.0999999999999996,0.0,0,0,0,10.6035920339328,16.043100000001687
372,0.0,1.0,0.0,1.0,0.0,4.199999999999999,2.0999999999999996,2.0999999999999996,0.0,0,0,0,10.395678464640001,13.605980000004365
373,2.0000000000000004,1.0,0.0,1.0,0.0,5.6,2.8,2.8,0.0,0,0,0,9.952105459326638,12.406530000012026
374,0.0,0.0,0.0,0.0,0.0,4.299999999999999,2.0999999999999996,2.1999999999999997,0.0,0,0,0,10.395678464640001,0.0
375,0.0,0.0,0.0,0.0,0.0,4.299999999999999,2.0999999999999996,2.1999999999999997,0.0,0,0,0,9.980015993601278,0.0
376,-1.9999999999999996,1.414213562373095,0.5151380471280705,1.414213562373095,0.0,5.6,2.8,2.8,0.0,0,0,0,10.374903734144361,12.50962999999956
377,-1.9999999999999996,1.414213562373095,0.5151380471280705,1.414213562373095,0.0,2.8,1.4,1.4,0.0,0,0,0,10.395678464640001,106.16168000000016
378,0.0,0.0,0.0,0.0,0.0,0.0,0.0,0.0,0.0,0,0,0,9.59631833664,0.0
379,-1.9999999999999996,0.0,0.0,-43.44885867464586,-43.44885867464586,3.3999999999999995,2.0999999999999996,1.3,0.0,0,0,0,9.584807360254668,0.0
380,1.5615528128088305,1.0,0.0,1.0,0.0,5.8,2.8,3.0,0.0,0,0,0,10.16740565946147,18.621049999997012
381,-1.9999999999999996,2.0000000000000004,0.0,2.0000000000000004,0.0,5.6,2.8,2.8,0.0,0,0,28,9.984009597440256,25.45136
382,-1.9999999999999996,1.0,0.0,1.0,0.0,2.8,1.4,1.4,0.0,0,0,0,10.1877648953472,15.031159999999772
383,5.143221327983624,1.0,0.0,1.0,0.0,5.6,2.8,2.8,0.0,0,0,0,8.154399680674407,26.271790000000124
384,0.0,1.0,0.0,1.0,0.0,4.199999999999999,2.0999999999999996,2.0999999999999996,0.0,0,0,0,9.588642817381622,66.70491999999967
385,0.0,0.0,0.0,0.0,0.0,5.6,2.8,2.8,0.0,0,0,0,10.395678464640001,0.0
386,0.0,0.0,0.0,0.0,0.0,2.8,1.4,1.4,0.0,0,0,0,9.988004799359999,0.0
387,-1.9999999999999996,0.0,0.0,0.0,0.0,0.0,0.0,0.0,0.0,0,0,0,9.784329405491448,0.0
388,1.5615528128088305,0.0,0.0,0.0,0.0,0.0,0.0,0.0,0.0,0,0,0,9.4043919699072,0.0
389,0.0,1.0,0.0,1.0,0.0,4.199999999999999,2.0999999999999996,2.0999999999999996,0.0,0,0,0,10.395678464640001,11.385559999998804
390,0.0,0.0,0.0,0.0,0.0,0.0,0.0,0.0,0.0,0,0,0,9.98800479936,0.0
391,2.0000000000000004,1.0,0.0,1.0,0.0,6.1,3.3000000000000003,2.8,0.0,0,0,0,10.391520193254147,16.86963999999989
392,2.0000000000000004,0.0,0.0,0.0,0.0,5.6,2.8,2.8,0.0,0,0,0,9.98001599360128,0.0
393,-1.9999999999999996,0.0,0.0,0.0,0.0,2.8,1.4,1.4,0.0,0,0,0,9.784329405491452,0.0
394,-6.461844948013606e-17,0.0,0.0,-118.42805234344486,-118.42805234344486,-1.0,0.0,-1.0,0.0,0,0,0,9.4043919699072,0.0
395,0.0,2.9999999999999996,1.0,2.9999999999999996,0.0,8.4,4.2,4.2,0.0,0,1,52,11.243616402208314,36.74149600000101
396,-2.5615528128088303,1.6180339887498938,1.9191106897609158,1.6180339887498938,0.0,9.8,4.9,4.9,0.0,0,0,0,11.243616402208314,28.055113333336216
397,-1.9999999999999996,0.0,0.0,0.0,0.0,0.0,0.0,0.0,0.0,0,0,0,9.98800479936,0.0
398,0.0,1.6180339887498942,1.919110689760912,1.6180339887498942,0.0,5.6,2.8,2.8,0.0,0,0,0,11.023153335498343,22.010830000002294
399,0.0,0.0,0.0,0.0,0.0,3.8,2.4,1.4,13.046724530205124,0,0,0,10.395678464640001,0.0
400,0.0,0.0,0.0,0.0,0.0,0.0,0.0,0.0,0.0,0,0,0,9.988004799359999,0.0
401,-1.9999999999999996,1.0,0.0,1.0,0.0,5.6,2.8,2.8,0.0,0,0,0,10.387363585176843,35.82552999999962
402,4.864592705514135,0.0,0.0,0.0,0.0,0.0,0.0,0.0,0.0,0,0,0,7.379783655343438,0.0
403,4.145485034961442,0.0,0.0,0.0,0.0,0.0,0.0,0.0,0.0,0,0,0,8.500825482858037,0.0
404,2.0000000000000004,1.0,0.0,1.0,0.0,1.4,0.7,0.7,0.0,0,0,0,9.205248988788584,23.172670000003563
405,-1.9999999999999996,1.0,0.0,1.0,0.0,7.0,3.5,3.5,0.0,0,0,0,10.179616313473305,20.164980000000128
406,0.0,0.0,0.0,0.0,0.0,0.1,0.0,0.1,0.0,0,0,0,9.592479809305344,0.0
407,0.0,0.0,0.0,0.0,0.0,2.8,1.4,1.4,0.0,0,0,0,10.187764895347202,0.0
408,0.0,2.499310177740765,4.057285161893047,2.499310177740765,0.0,12.600000000000001,6.300000000000001,6.300000000000001,0.0,0,0,26,11.477669029048673,28.981405000000677
409,0.0,0.0,0.0,0.0,0.0,2.8,1.4,1.4,0.0,0,0,0,9.59631833664,0.0
410,1.5195471719790665,0.0,0.0,0.0,0.0,0.0,0.0,0.0,0.0,0,0,0,9.58480736025467,0.0
411,0.0,0.0,0.0,0.0,0.0,0.2,0.0,0.2,0.0,0,0,0,9.988004799359999,0.0
412,-6.461844948013606e-17,1.0,0.0,1.0,0.0,2.8,1.4,1.4,0.0,0,0,0,9.592479809305344,12.07184999999754
413,3.0,1.0,0.0,1.0,0.0,6.1,3.3000000000000003,2.8,0.0,0,0,0,8.650052770658593,18.573770000007244
414,0.0,1.414213562373095,0.5151380471280699,1.414213562373095,0.0,11.200000000000001,5.6000000000000005,5.6000000000000005,0.0,0,0,0,10.802690268788384,21.828384999999884
415,-1.9999999999999996,0.0,0.0,0.0,0.0,4.199999999999999,2.0999999999999996,2.0999999999999996,0.0,0,0,0,9.788244703372799,0.0
416,0.0,1.0,0.0,1.0,0.0,4.199999999999999,2.0999999999999996,2.0999999999999996,0.0,0,0,0,10.187764895347202,10.361199999999826
417,-1.9999999999999996,1.0,0.0,1.0,0.0,1.4,0.7,0.7,0.0,0,0,0,9.984009597440256,13.993780000000697
418,0.0,0.0,0.0,0.0,0.0,0.0,0.0,0.0,0.0,0,0,0,9.788244703372799,0.0
419,-1.9999999999999996,1.0,0.0,1.0,0.0,3.3,1.9,1.4,0.0,0,0,0,9.77259290605678,47.21442999999908
420,-1.9999999999999996,0.0,0.0,-92.05254319963566,-92.05254319963566,-0.9,0.0,-0.9,0.0,0,0,0,9.58864281738162,0.0
421,-1.9999999999999996,0.0,0.0,0.0,0.0,0.0,0.0,0.0,0.0,0,0,0,9.988004799359999,0.0
422,0.0,0.0,0.0,0.0,0.0,0.1,0.0,0.1,0.0,0,0,0,9.788244703372799,0.0
423,0.0,2.3027756377319943,3.278954753114032,2.3027756377319943,0.0,13.100000000000001,6.800000000000001,6.300000000000001,0.0,0,0,27,11.248115648467703,22.89443399999982
424,0.0,0.0,0.0,0.0,0.0,1.4,0.7,0.7,0.0,0,0,0,9.984009597440256,0.0
425,-1.9999999999999996,1.414213562373095,0.5151380471280704,1.414213562373095,0.0,8.4,4.2,4.2,0.0,0,0,0,10.387363585176843,24.048644999998032
426,0.0,0.0,0.0,0.0,0.0,0.0,0.0,0.0,0.0,0,0,0,9.98800479936,0.0
427,0.0,0.0,0.0,0.0,0.0,2.8,1.4,1.4,0.0,0,0,0,10.183689789389064,0.0
428,-1.9999999999999996,1.0,2.5615528128088303,1.0,0.0,7.0,3.5,3.5,0.0,0,0,0,11.027564361242844,4.435384999999313
429,-1.9999999999999996,1.414213562373095,0.5151380471280705,1.414213562373095,0.0,7.500000000000001,4.000000000000001,3.5,0.0,0,0,0,10.595110856880384,16.222795000001042
430,-6.461844948013606e-17,0.0,0.0,0.0,0.0,0.1,0.0,0.1,0.0,0,0,0,10.1877648953472,0.0
431,-1.9999999999999996,1.414213562373095,0.5151380471280704,1.414213562373095,0.0,4.199999999999999,2.0999999999999996,2.0999999999999996,0.0,0,0,0,10.391520193254145,24.167540000001395
432,0.0,0.0,0.0,0.0,0.0,1.4,0.7,0.7,0.0,0,0,0,9.788244703372799,0.0
433,0.0,0.0,0.0,0.0,0.0,3.0,1.4,1.6,0.0,0,0,0,10.387363585176843,0.0
434,0.0,0.0,0.0,0.0,0.0,0.1,0.0,0.1,0.0,0,0,0,9.584807360254668,0.0
435,2.193455047793488,1.0,0.0,-91.80488714993035,-92.80488714993035,3.3,2.0999999999999996,1.2,0.0,0,0,0,9.57331019151647,30.133440000001883
436,-1.9999999999999996,0.0,0.0,0.0,0.0,0.1,0.0,0.1,0.0,0,0,0,10.1877648953472,0.0
437,-1.9999999999999996,0.0,0.0,0.0,0.0,5.6,2.8,2.8,0.0,0,0,0,9.980015993601283,0.0
438,2.0000000000000004,0.0,0.0,0.0,0.0,13.100000000000001,6.800000000000002,6.300000000000001,0.0,0,0,0,10.366605471141648,0.0
439,-1.9999999999999996,0.0,0.0,0.0,0.0,0.1,0.0,0.1,0.0,0,0,0,10.179616313473305,0.0
440,5.1770653736182837e-17,0.0,0.0,-59.46066163331062,-59.46066163331062,-1.0,0.0,-1.0,0.0,0,0,0,8.66737365571819,0.0
441,2.0000000000000004,1.0,0.0,1.0,0.0,4.699999999999999,2.6,2.0999999999999996,0.0,0,0,0,9.984009597440256,54.541660000001
442,-1.9999999999999996,0.0,0.0,-26.08709945059077,-26.08709945059077,-1.0,0.0,-1.0,0.0,0,0,0,9.208932561813308,0.0
443,-1.9999999999999996,0.0,0.0,0.0,0.0,4.199999999999999,2.0999999999999996,2.0999999999999996,0.0,0,0,0,10.175544466947919,0.0
444,0.0,1.9318516525781344,2.8197219919377057,-92.2996488192557,-94.23150047183383,15.800000000000004,8.400000000000002,7.400000000000001,0.0,0,0,0,11.009930841903868,38.37517800000023
445,0.0,1.7320508075688783,2.7946690411990294,1.7320508075688783,0.0,8.4,4.2,4.2,0.0,0,0,0,10.807013074017988,49.863402500000134
446,0.0,0.0,0.0,0.0,0.0,4.199999999999999,2.0999999999999996,2.0999999999999996,0.0,0,0,0,9.784329405491452,0.0
447,-1.9999999999999996,0.0,0.0,0.0,0.0,1.4,0.7,0.7,0.0,0,0,0,9.596318336640001,0.0
448,0.0,0.0,0.0,0.0,0.0,0.0,0.0,0.0,0.0,0,0,0,9.78432940549145,0.0
449,0.0,1.414213562373095,0.5151380471280705,1.414213562373095,0.0,7.0,3.5,3.5,0.0,0,0,0,10.18368978938906,24.48047499999973
450,-1.9999999999999996,1.0,0.0,1.0,0.0,1.4,0.7,0.7,0.0,0,0,0,9.788244703372799,22.887110000001485
451,-1.9999999999999996,1.8019377358048403,3.3565232269559533,1.8019377358048403,0.0,9.8,4.9,4.9,0.0,0,0,0,11.014336576534483,26.809041999999863
452,0.0,0.0,0.0,0.0,0.0,0.0,0.0,0.0,0.0,0,0,0,9.98800479936,0.0
453,0.0,0.0,0.0,-44.511593297770546,-44.511593297770546,-1.0,0.0,-1.0,0.0,0,0,0,9.59631833664,0.0
454,-6.461844948013606e-17,0.0,0.0,0.0,0.0,6.1,3.3000000000000003,2.8,0.0,0,0,0,9.584807360254672,0.0
455,-1.9999999999999996,0.0,0.0,-163.22336947060018,-163.22336947060018,0.39999999999999986,0.7,-0.3000000000000001,0.0,0,0,0,9.57714104793564,0.0
456,-1.9999999999999996,0.0,0.0,0.0,0.0,0.0,0.0,0.0,0.0,0,0,0,9.988004799359999,0.0
457,-6.461844948013606e-17,0.0,0.0,0.0,0.0,4.199999999999999,2.0999999999999996,2.0999999999999996,0.0,0,0,0,9.58864281738162,0.0
458,1.5615528128088314,0.0,0.0,0.0,0.0,2.8,1.4,1.4,0.0,0,0,0,10.179616313473305,0.0
459,-1.0,0.0,0.0,0.0,0.0,2.8,1.4,1.4,0.0,0,0,0,9.78432940549145,0.0
460,0.0,0.0,0.0,0.0,0.0,5.199999999999999,3.1,2.0999999999999996,19.177559326191904,0,0,0,9.98001599360128,0.0
461,0.0,2.414213562373095,2.23606797749979,2.414213562373095,0.0,12.600000000000001,6.300000000000001,6.300000000000001,0.0,0,0,0,11.023153335498348,21.723719999999197
462,-6.461844948013606e-17,0.0,0.0,0.0,0.0,0.0,0.0,0.0,0.0,0,0,0,9.592479809305344,0.0
463,0.0,0.0,0.0,0.0,0.0,0.0,0.0,0.0,0.0,0,0,0,9.98800479936,0.0
464,0.0,1.0,0.0,1.0,0.0,3.8,2.4,1.4,-9.014279838512746,0,0,0,10.395678464640001,34.341920000001664
465,0.0,0.0,0.0,0.0,0.0,2.8,1.4,1.4,0.0,0,0,0,9.788244703372799,0.0
466,4.6609503922565985,1.6180339887498942,1.919110689760912,1.6180339887498942,0.0,7.1,3.5,3.6,0.0,0,0,0,9.003116149052822,20.344566666666047
467,-1.9999999999999996,1.0,2.5615528128088303,1.0,0.0,11.200000000000001,5.6000000000000005,5.6000000000000005,0.0,0,0,0,10.370753772650703,24.51473000000078
468,2.0000000000000004,0.0,0.0,0.0,0.0,3.3,1.9,1.4,0.0,0,0,0,9.78432940549145,0.0
469,0.0,1.0,0.0,-57.872319525902796,-58.872319525902796,1.7999999999999998,1.4,0.3999999999999999,0.0,0,0,0,9.78432940549145,15.372099999999591
470,0.0,1.0,0.0,1.0,0.0,4.199999999999999,2.0999999999999996,2.0999999999999996,0.0,0,0,0,9.976023987203838,17.5998699999991
471,0.0,0.0,0.0,0.0,0.0,0.0,0.0,0.0,0.0,0,0,0,9.984009597440256,0.0
472,-1.9999999999999996,0.0,0.0,0.0,0.0,2.8,1.4,1.4,0.0,0,0,0,9.988004799359999,0.0
473,1.5615528128088303,2.2882456112707352,2.574548414817357,2.2882456112707352,0.0,16.0,9.0,7.000000000000001,4.001232029966943,0,0,27,11.014336576534484,16.65422999999862
474,0.0,0.0,0.0,0.0,0.0,4.199999999999999,2.0999999999999996,2.0999999999999996,0.0,0,0,0,9.98800479936,0.0
475,2.0000000000000004,3.066436440280527,4.5131965077201315,3.066436440280527,0.0,20.1,10.3,9.8,0.0,0,1,25,11.898446655248907,26.21542750000259
476,-1.9999999999999996,1.0,0.0,1.0,0.0,2.8,1.4,1.4,0.0,0,0,0,10.395678464640001,19.05432999999448
477,2.9999999999999996,0.0,0.0,-200.21909681052438,-200.21909681052438,-2.0,0.0,-2.0,0.0,0,0,0,9.201566889193067,0.0
478,0.0,0.0,0.0,0.0,0.0,2.8,1.4,1.4,0.0,0,0,0,9.988004799359999,0.0
479,2.0000000000000004,0.0,0.0,0.0,0.0,0.0,0.0,0.0,0.0,0,0,0,9.776503507459761,0.0
480,0.0,0.0,0.0,0.0,0.0,6.1,3.3000000000000003,2.8,0.0,0,0,0,10.395678464640001,0.0
481,-1.9999999999999996,0.0,0.0,0.0,0.0,0.0,0.0,0.0,0.0,0,0,0,9.4043919699072,0.0
482,5.1770653736182837e-17,0.0,0.0,0.0,0.0,0.0,0.0,0.0,0.0,0,0,0,9.58864281738162,0.0
483,-1.9999999999999996,0.0,0.0,0.0,0.0,0.0,0.0,0.0,0.0,0,0,0,9.988004799359999,0.0
484,2.9999999999999996,1.0,0.0,1.0,0.0,1.4,0.7,0.7,0.0,0,0,0,9.577141047935644,49.277289999999994
485,3.675829668799392,0.0,0.0,0.0,0.0,0.0,0.0,0.0,0.0,0,0,0,8.663906706255904,0.0
486,0.0,0.0,0.0,0.0,0.0,0.0,0.0,0.0,0.0,0,0,0,9.216304130509055,0.0
487,-6.461844948013606e-17,0.0,0.0,0.0,0.0,2.8,1.4,1.4,0.0,0,0,0,9.784329405491452,0.0
488,0.0,1.414213562373095,0.5151380471280705,1.414213562373095,0.0,8.4,4.2,4.2,0.0,0,0,0,10.811337609061614,21.959975000000895
489,-6.461844948013606e-17,0.0,0.0,0.0,0.0,1.4,0.7,0.7,0.0,0,0,0,9.400630213119237,0.0
490,-1.9999999999999996,0.0,0.0,0.0,0.0,1.5,0.7,0.8,0.0,0,0,0,9.984009597440256,0.0
491,0.0,1.0,0.0,1.0,0.0,5.6,2.8,2.8,0.0,0,0,0,9.984009597440256,28.699389999999312
492,-6.461844948013606e-17,1.0,0.0,1.0,0.0,1.4,0.7,0.7,0.0,0,0,0,10.1877648953472,37.00567999999976
493,-1.9999999999999996,0.0,0.0,0.0,0.0,0.0,0.0,0.0,0.0,0,0,0,9.59631833664,0.0
494,2.0,0.0,0.0,0.0,0.0,2.8,1.4,1.4,0.0,0,0,0,9.385598226976926,0.0
495,-2.000000000000001,1.0,0.0,1.0,0.0,2.8,1.4,1.4,0.0,0,0,0,9.7882447033728,25.748790000002373
496,-1.9999999999999996,1.0,0.0,1.0,0.0,2.8,1.4,1.4,0.0,0,0,0,9.984009597440256,0.0
497,0.0,1.0,0.0,1.0,0.0,2.8,1.4,1.4,0.0,0,0,0,10.595110856880382,13.417560000002595
498,0.0,0.0,0.0,0.0,0.0,2.8,1.4,1.4,0.0,0,0,0,9.984009597440256,0.0
499,2.9999999999999982,1.9021130325903064,3.0275550156780024,1.9021130325903064,0.0,18.200000000000003,9.100000000000001,9.100000000000001,0.0,0,0,0,10.776789724776636,23.654694000000404
500,-1.9999999999999996,2.9999999999999996,0.0,-35.04833299647893,-38.04833299647893,11.600000000000001,6.300000000000001,5.3,0.0,0,0,28,10.794049845003794,14.981649999999718
501,2.0000000000000004,0.0,0.0,0.0,0.0,0.0,0.0,0.0,0.0,0,0,0,9.788244703372799,0.0
502,0.0,1.414213562373095,0.5151380471280704,1.414213562373095,0.0,8.4,4.2,4.2,0.0,0,0,0,10.595110856880382,19.034989999996696
503,-1.9999999999999996,1.0,0.0,1.0,0.0,7.0,3.5,3.5,0.0,0,0,0,10.595110856880382,28.942719999993187
504,0.0,0.0,0.0,0.0,0.0,5.6,2.8,2.8,0.0,0,0,0,10.159273361718808,0.0
505,-1.9999999999999996,1.414213562373095,0.5151380471280705,-146.87490100567538,-148.2891145680485,3.1999999999999993,2.0999999999999996,1.0999999999999999,0.0,0,0,0,10.175544466947919,5.144259999999576
506,1.5615528128088314,1.0,0.0,1.0,0.0,2.8,1.4,1.4,0.0,0,0,0,9.972033577608958,0.0
507,0.0,1.0,0.0,1.0,0.0,7.0,3.5,3.5,0.0,0,0,0,10.379055356286873,40.05223000000015
508,0.0,0.0,0.0,-39.731415954931336,-39.731415954931336,4.6,2.8,1.7999999999999998,0.0,0,0,0,9.980015993601278,0.0
509,-1.9999999999999996,1.0,0.0,-58.3080587328337,-59.3080587328337,6.0,3.5,2.4999999999999996,0.0,0,0,0,9.96405754627224,23.531540000000746
510,-1.9999999999999996,0.0,0.0,0.0,0.0,4.199999999999999,2.0999999999999996,2.0999999999999996,0.0,0,0,0,10.1877648953472,0.0
511,3.9509403129046663,1.0,0.0,1.0,0.0,7.0,3.5,3.5,0.0,0,0,0,8.830116506458292,9.34099999999944
512,-6.461844948013606e-17,1.414213562373095,0.5151380471280699,1.414213562373095,0.0,4.199999999999999,2.0999999999999996,2.0999999999999996,0.0,0,0,0,10.383208639742774,29.297154999999293
513,-1.9999999999999996,1.6180339887498938,1.9191106897609143,1.6180339887498938,0.0,14.000000000000002,7.000000000000001,7.000000000000001,0.0,0,0,0,11.234623308065178,30.334506666666435
514,0.0,1.0,0.0,1.0,0.0,9.9,4.9,5.0,0.0,0,0,0,10.163338697197688,5.698579999998401
515,0.0,0.0,0.0,0.0,0.0,0.0,0.0,0.0,0.0,0,0,0,9.4043919699072,0.0
516,0.0,0.0,0.0,0.0,0.0,2.8,1.4,1.4,0.0,0,0,0,9.788244703372799,0.0
517,0.0,0.0,0.0,0.0,0.0,0.1,0.0,0.1,0.0,0,0,0,9.988004799359999,0.0
518,2.5615528128088303,0.0,0.0,0.0,0.0,0.0,0.0,0.0,0.0,0,0,0,9.400630213119236,0.0
519,-2.000000000000001,1.0,0.0,1.0,0.0,5.6,2.8,2.8,0.0,0,0,0,9.577141047935646,0.0
520,0.0,0.0,0.0,0.0,0.0,0.0,0.0,0.0,0.0,0,0,0,10.1877648953472,0.0
521,-1.9999999999999996,1.0,0.0,1.0,0.0,1.5,0.7,0.8,0.0,0,0,0,9.976023987203842,13.830349999996088
522,2.0000000000000004,0.0,0.0,0.0,0.0,4.199999999999999,2.0999999999999996,2.0999999999999996,0.0,0,0,0,9.749162124800051,0.0
523,-1.9999999999999996,1.414213562373095,2.5615528128088303,1.414213562373095,0.0,15.000000000000004,8.000000000000002,7.000000000000001,0.0,0,0,0,10.370753772650703,30.191043333334925
524,-0.45490409122352343,0.0,0.0,0.0,0.0,0.0,0.0,0.0,0.0,0,0,0,10.187764895347202,0.0
525,-1.9999999999999996,0.0,0.0,0.0,0.0,8.5,5.0,3.5,-7.0075259608329095,0,0,0,10.383208639742772,0.0
526,-1.0,3.0000000000000004,2.56155281280883,-53.82234484265932,-56.82234484265932,23.9,12.899999999999999,11.0,-8.011483171919354,0,1,52,11.408995505885075,29.253925000001196
527,0.0,1.0,0.0,-58.57202801537544,-59.57202801537544,1.7999999999999998,1.4,0.3999999999999999,0.0,0,0,0,9.772592906056781,37.28551000000607
528,-1.9999999999999996,1.0,0.0,1.0,0.0,1.4,0.7,0.7,0.0,0,0,0,9.984009597440256,29.868929999997818
529,2.193455047793488,0.0,0.0,-59.434247408709865,-59.434247408709865,-1.0,0.0,-1.0,0.0,0,0,0,9.031978047898875,0.0
530,0.0,1.0,0.0,1.0,0.0,7.0,3.5,3.5,0.0,0,0,0,10.599350597119228,10.700190000002294
531,2.0000000000000004,1.0,0.0,1.0,0.0,2.9,1.4,1.5,0.0,0,0,0,10.179616313473307,25.175250000002052
532,2.0000000000000004,1.0,0.0,1.0,0.0,4.199999999999999,2.0999999999999996,2.0999999999999996,0.0,0,0,0,9.393111213049574,0.0
533,-1.9999999999999996,1.6180339887498942,1.9191106897609143,1.6180339887498942,0.0,4.199999999999999,2.0999999999999996,2.0999999999999996,0.0,0,0,0,10.387363585176843,24.611796666664908
534,0.0,0.0,0.0,0.0,0.0,2.8,1.4,1.4,0.0,0,0,0,9.976023987203838,0.0
535,1.5615528128088314,0.0,0.0,-100.07662870437736,-100.07662870437736,4.6,2.8,1.7999999999999998,0.0,0,0,0,9.006718836587456,0.0
536,-1.9999999999999996,1.0,0.0,-86.31746165159433,-87.31746165159433,1.7999999999999998,1.4,0.3999999999999999,0.0,0,0,0,9.984009597440258,31.0206799999969
537,3.6261980685272936,1.618033988749895,2.561552812808831,1.618033988749895,0.0,12.600000000000001,6.300000000000001,6.300000000000001,0.0,0,0,0,8.639676858805533,29.086267500000105
538,0.0,1.414213562373095,0.5151380471280705,1.414213562373095,0.0,2.8,1.4,1.4,0.0,0,0,0,10.6035920339328,31.79426499999977
539,0.0,0.0,0.0,0.0,0.0,0.0,0.0,0.0,0.0,0,0,0,10.39567846464,0.0
540,0.0,1.0,0.0,1.0,0.0,4.3,2.9,1.4,-12.034449605146332,0,0,0,10.387363585176843,12.2233499999993
541,0.0,0.0,0.0,0.0,0.0,5.6,2.8,2.8,0.0,0,0,0,10.391520193254147,0.0
542,-2.000000000000001,1.0,0.0,1.0,0.0,1.4,0.7,0.7,0.0,0,0,0,10.183689789389064,13.320000000001073
543,2.0000000000000004,0.0,0.0,0.0,0.0,0.0,0.0,0.0,0.0,0,0,0,9.4043919699072,0.0
544,-1.9999999999999996,1.6180339887498942,1.919110689760912,1.6180339887498942,0.0,8.4,4.2,4.2,0.0,0,0,0,10.807013074017988,22.278433333332636
545,0.0,1.0,0.0,1.0,0.0,7.7,5.6000000000000005,2.0999999999999996,-9.034867933590881,0,0,0,10.586636463412614,21.247600000001512
546,-1.9999999999999996,0.0,0.0,0.0,0.0,0.0,0.0,0.0,0.0,0,0,0,9.59631833664,0.0
547,0.0,1.0,0.0,1.0,0.0,2.8,1.4,1.4,0.0,0,0,0,10.599350597119228,26.45774000000074
548,-6.461844948013606e-17,0.0,0.0,0.0,0.0,2.8,1.4,1.4,0.0,0,0,0,9.98800479936,0.0
549,2.0000000000000004,1.0,0.0,1.0,0.0,8.900000000000002,4.700000000000001,4.2,0.0,0,0,0,10.387363585176843,29.320599999999786
550,-1.9999999999999996,1.0,0.0,1.0,0.0,4.699999999999999,2.6,2.0999999999999996,0.0,0,0,0,10.175544466947919,0.0
551,-1.9999999999999996,1.414213562373095,2.5615528128088303,1.414213562373095,0.0,5.6,2.8,2.8,0.0,0,0,0,10.573937580564479,35.66903499999967
552,2.0000000000000004,1.0,0.0,1.0,0.0,4.199999999999999,2.0999999999999996,2.0999999999999996,0.0,0,0,0,10.187764895347202,16.245880000001307
553,0.0,0.0,0.0,0.0,0.0,1.0,1.0,0.0,-1.0000210396534568,0,0,0,9.984009597440256,0.0
554,-6.461844948013606e-17,0.0,0.0,0.0,0.0,0.0,0.0,0.0,0.0,0,0,0,9.780415673729255,0.0
555,0.0,1.0,0.0,1.0,0.0,1.4,0.7,0.7,0.0,0,0,0,9.984009597440256,34.41363000000365
556,-3.23606797749979,0.0,0.0,0.0,0.0,0.0,0.0,0.0,0.0,0,0,0,10.395678464640001,0.0
557,0.0,0.0,0.0,0.0,0.0,2.8,1.4,1.4,0.0,0,0,0,9.7882447033728,0.0
558,1.89908464267181,0.0,0.0,0.0,0.0,7.0,3.5,3.5,0.0,0,0,0,10.379055356286877,0.0
559,0.0,0.0,0.0,0.0,0.0,0.0,0.0,0.0,0.0,0,0,0,9.988004799359999,0.0
560,2.0000000000000004,0.0,0.0,0.0,0.0,0.1,0.0,0.1,0.0,0,0,0,9.592479809305344,0.0
561,6.302668034785169,1.0,0.0,1.0,0.0,4.199999999999999,2.0999999999999996,2.0999999999999996,0.0,0,0,0,6.660073140277324,24.145690000000286
562,-2.5615528128088303,0.0,0.0,0.0,0.0,0.0,0.0,0.0,0.0,0,0,0,10.395678464640001,0.0
563,-1.9999999999999996,2.3072503713482164,3.9729084215222628,2.3072503713482164,0.0,11.700000000000001,6.1000000000000005,5.6000000000000005,0.0,0,0,27,11.023153335498348,18.499043333333322
564,-6.461844948013606e-17,0.0,0.0,-195.10220832734942,-195.10220832734942,6.600000000000001,4.000000000000001,2.6,0.0,0,0,0,9.378091250091064,0.0
565,2.5615528128088285,2.2360679774997894,0.33625596321259393,2.2360679774997894,0.0,14.000000000000002,7.000000000000001,7.000000000000001,0.0,0,0,27,10.362458828953184,19.50053999999909
566,-6.461844948013606e-17,3.434753897313384,4.737136040206848,3.434753897313384,0.0,27.199999999999992,14.599999999999994,12.599999999999998,-5.0023541166926435,0,2,25,11.879420560063586,31.945638461538735
567,-1.9999999999999996,3.6412024197247703,5.730310115405389,3.6412024197247703,0.0,27.599999999999994,14.299999999999997,13.299999999999997,0.0,0,1,26,13.705905654853458,29.306743999999753
568,0.0,0.0,0.0,0.0,0.0,4.199999999999999,2.0999999999999996,2.0999999999999996,0.0,0,0,0,9.988004799359999,0.0
569,0.0,1.6180339887498942,2.0941737411149397,1.6180339887498942,0.0,9.4,5.2,4.2,-14.058248042598002,0,0,0,10.595110856880384,30.32922000000326
570,-1.9999999999999996,1.0,0.0,1.0,0.0,8.4,4.2,4.2,0.0,0,0,0,9.968044764177915,4.203149999998459
571,5.639881401383477,1.0,0.0,1.0,0.0,5.699999999999999,3.6,2.0999999999999996,-14.08643078222426,0,0,0,7.981725948354608,30.60257999999976
572,-1.9999999999999996,0.0,0.0,0.0,0.0,5.6,2.8,2.8,0.0,0,0,0,9.98001599360128,0.0
573,-1.9999999999999996,1.0,0.0,1.0,0.0,5.6,2.8,2.8,0.0,0,0,0,10.387363585176843,12.046310000000204
574,-1.9999999999999996,0.0,0.0,0.0,0.0,4.199999999999999,2.0999999999999996,2.0999999999999996,0.0,0,0,0,9.984009597440258,0.0
575,2.0000000000000004,1.6180339887498942,1.919110689760913,1.6180339887498942,0.0,8.0,4.5,3.5,12.05325493912524,0,0,0,10.595110856880384,23.659823333333257
576,-6.461844948013606e-17,1.414213562373095,2.5615528128088303,1.414213562373095,0.0,11.700000000000003,6.100000000000001,5.6000000000000005,0.0,0,0,0,10.370753772650705,19.56672000000026
577,-1.9999999999999996,0.0,0.0,0.0,0.0,1.0,1.0,0.0,-2.0002570925504557,0,0,0,9.98800479936,0.0
578,5.1770653736182837e-17,0.0,0.0,0.0,0.0,0.0,0.0,0.0,0.0,0,0,0,9.78432940549145,0.0
579,2.0000000000000004,3.414213562373093,3.000000000000001,3.414213562373093,0.0,17.300000000000004,8.900000000000002,8.400000000000002,0.0,0,1,0,11.21665869313487,28.209357499999612
580,-1.9999999999999996,0.0,0.0,0.0,0.0,0.1,0.0,0.1,0.0,0,0,0,9.7882447033728,0.0
581,-1.9999999999999996,1.0,2.5615528128088303,1.0,0.0,10.8,5.900000000000001,4.9,0.0,0,0,0,10.175544466947917,29.636039999998047
582,2.0000000000000004,1.0,0.0,1.0,0.0,2.8,1.4,1.4,0.0,0,0,0,9.788244703372799,58.23666999999659
583,0.0,2.236067977499789,0.9999999999999997,2.236067977499789,0.0,7.500000000000001,4.000000000000001,3.5,0.0,0,0,27,10.595110856880378,16.794643333333095
584,2.701562118716425,0.0,0.0,-108.09965006659361,-108.09965006659361,-1.0,0.0,-1.0,0.0,0,0,0,8.500825482858037,0.0
585,0.0,0.0,0.0,-73.72111752425711,-73.72111752425711,-0.8,0.0,-0.8,0.0,0,0,0,10.391520193254145,0.0
586,0.0,0.0,0.0,0.0,0.0,4.199999999999999,2.0999999999999996,2.0999999999999996,0.0,0,0,0,10.187764895347202,0.0
587,1.5615528128088314,0.0,0.0,-65.50429563209768,-65.50429563209768,-1.0,0.0,-1.0,0.0,0,0,0,8.851338486940895,0.0
588,1.5615528128088314,1.0,0.0,1.0,0.0,4.199999999999999,2.0999999999999996,2.0999999999999996,0.0,0,0,0,9.58480736025467,38.761100000008355
589,-1.0,0.0,0.0,0.0,0.0,1.4,0.7,0.7,0.0,0,0,0,10.179616313473307,0.0
590,0.0,1.0,0.0,1.0,0.0,4.199999999999999,2.0999999999999996,2.0999999999999996,0.0,0,0,0,9.984009597440256,13.712679999998727
591,2.0000000000000004,0.0,0.0,0.0,0.0,0.0,0.0,0.0,0.0,0,0,0,8.6604411435734,0.0
592,0.0,0.0,0.0,-92.05254319963566,-92.05254319963566,-0.9,0.0,-0.9,0.0,0,0,0,9.97602398720384,0.0
593,-2.5615528128088303,0.0,0.0,0.0,0.0,2.8,1.4,1.4,0.0,0,0,0,10.187764895347202,0.0
594,0.0,0.0,0.0,0.0,0.0,0.0,0.0,0.0,0.0,0,0,0,9.59631833664,0.0
595,-1.9999999999999996,1.0,0.0,1.0,0.0,5.699999999999999,2.8,2.9,0.0,0,0,0,10.6035920339328,18.523239999999532
596,-1.9999999999999996,0.0,0.0,0.0,0.0,2.8,1.4,1.4,0.0,0,0,0,9.788244703372799,0.0
597,-1.9999999999999996,1.0,0.0,1.0,0.0,7.0,3.5,3.5,0.0,0,0,0,10.383208639742774,4.865609999992557
598,-1.9999999999999996,0.0,0.0,0.0,0.0,2.8,1.4,1.4,0.0,0,0,0,9.58864281738162,0.0
599,5.0633444927255455,1.414213562373095,0.5151380471280705,1.414213562373095,0.0,10.400000000000002,5.400000000000001,5.0,0.0,0,0,0,8.29754565519683,22.587554999999497
600,0.0,0.0,0.0,0.0,0.0,0.1,0.0,0.1,0.0,0,0,0,10.391520193254147,0.0
601,0.0,0.0,0.0,0.0,0.0,0.0,0.0,0.0,0.0,0,0,0,9.59631833664,0.0
602,0.0,1.0,0.0,1.0,0.0,4.199999999999999,2.0999999999999996,2.0999999999999996,0.0,0,0,0,10.179616313473307,12.942219999999907
603,2.0000000000000004,1.7320508075688805,2.794669041199028,1.7320508075688805,0.0,10.3,5.400000000000001,4.9,0.0,0,0,0,11.023153335498346,17.07800250000048
604,-1.9999999999999996,1.6180339887498942,1.919110689760912,1.6180339887498942,0.0,11.200000000000001,5.6000000000000005,5.6000000000000005,0.0,0,0,0,11.018744074164147,34.0912566666672
605,-1.9999999999999996,0.0,0.0,0.0,0.0,0.0,0.0,0.0,0.0,0,0,0,9.988004799359999,0.0
606,0.0,0.0,0.0,0.0,0.0,4.699999999999999,2.6,2.0999999999999996,0.0,0,0,0,9.98800479936,0.0
607,-1.9999999999999996,0.0,0.0,0.0,0.0,2.8,1.4,1.4,0.0,0,0,0,10.1877648953472,0.0
608,2.0000000000000004,0.0,0.0,-52.54291733124296,-52.54291733124296,4.6,2.8,1.7999999999999998,0.0,0,0,0,9.017535551409205,0.0
609,-1.9999999999999996,0.0,0.0,0.0,0.0,1.4,0.7,0.7,0.0,0,0,0,9.4043919699072,0.0
610,-1.9999999999999996,0.0,0.0,0.0,0.0,0.0,0.0,0.0,0.0,0,0,0,10.183689789389064,0.0
611,2.0000000000000004,4.527577630170537,5.977712899420896,4.527577630170537,0.0,26.599999999999994,13.299999999999997,13.299999999999997,0.0,0,3,76,13.431787541756394,23.634605000000004
612,0.0,0.0,0.0,0.0,0.0,0.1,0.0,0.1,0.0,0,0,0,10.1877648953472,0.0
613,0.0,1.414213562373095,0.5151380471280699,1.414213562373095,0.0,6.6,3.8000000000000003,2.8,0.0,0,0,0,10.18368978938906,39.31710499999838
614,-6.461844948013606e-17,1.0,0.0,-126.4590248332989,-127.4590248332989,1.7999999999999998,1.4,0.3999999999999999,0.0,0,0,0,9.776503507459761,51.287939999997434
615,0.0,0.0,0.0,0.0,0.0,0.0,0.0,0.0,0.0,0,0,0,9.59631833664,0.0
616,0.0,0.0,0.0,0.0,0.0,0.0,0.0,0.0,0.0,0,0,0,10.395678464640001,0.0
617,0.0,0.0,0.0,0.0,0.0,0.0,0.0,0.0,0.0,0,0,0,9.59631833664,0.0
618,-1.9999999999999996,1.414213562373095,2.2470937057709334e-17,1.414213562373095,0.0,12.700000000000001,6.300000000000001,6.4,0.0,0,0,0,10.159273361718808,9.445260000002236
619,-1.9999999999999996,1.414213562373095,0.5151380471280704,1.414213562373095,0.0,6.1,3.3000000000000003,2.8,0.0,0,0,0,9.972033577608961,14.049980000002051
620,0.0,1.414213562373095,0.5151380471280704,1.414213562373095,0.0,8.900000000000002,4.700000000000001,4.2,0.0,0,0,0,10.59935059711923,47.1178950000035
621,2.7441989803215194,2.499310177740766,3.9556294592210013,-120.77544962868642,-123.27475980642718,13.0,7.000000000000001,6.0,0.0,0,0,0,10.345888840134812,16.086945714284543
622,-1.9999999999999996,0.0,0.0,-37.28627653296482,-37.28627653296482,3.3,2.0999999999999996,1.2,0.0,0,0,0,9.984009597440256,0.0
623,0.0,0.0,0.0,0.0,0.0,0.0,0.0,0.0,0.0,0,0,0,9.592479809305344,0.0
624,-1.9999999999999996,1.0,0.0,1.0,0.0,5.6,2.8,2.8,0.0,0,0,0,10.187764895347197,20.1495100000011
625,-1.9999999999999996,0.0,0.0,0.0,0.0,0.1,0.0,0.1,0.0,0,0,0,9.592479809305345,0.0
626,0.0,0.0,0.0,0.0,0.0,0.0,0.0,0.0,0.0,0,0,0,9.788244703372799,0.0
627,-1.9999999999999996,1.0,0.0,1.0,0.0,8.900000000000002,4.700000000000001,4.2,0.0,0,0,0,10.387363585176843,4.737340000001495
628,0.0,0.0,0.0,0.0,0.0,1.0,1.0,0.0,-5.002166134754423,0,0,0,10.187764895347202,0.0
629,0.0,1.414213562373095,0.5151380471280704,1.414213562373095,0.0,8.4,4.2,4.2,0.0,0,0,0,11.031977152103687,27.879460000000336
630,-6.461844948013606e-17,0.0,0.0,0.0,0.0,0.0,0.0,0.0,0.0,0,0,0,9.216304130509057,0.0
631,-1.0,1.0,0.0,1.0,0.0,4.199999999999999,2.0999999999999996,2.0999999999999996,0.0,0,0,0,9.964057546272244,29.49860000000058
632,-1.9999999999999996,1.0,0.0,1.0,0.0,4.199999999999999,2.0999999999999996,2.0999999999999996,0.0,0,0,0,10.395678464640001,12.921079999999847
633,-1.9999999999999996,0.0,0.0,0.0,0.0,0.1,0.0,0.1,0.0,0,0,0,9.400630213119237,0.0
634,0.0,1.0,0.0,1.0,0.0,4.199999999999999,2.0999999999999996,2.0999999999999996,0.0,0,0,0,10.395678464640001,18.427530000001298
635,2.0000000000000004,1.7320508075688776,2.7946690411990276,1.7320508075688776,0.0,11.700000000000003,6.100000000000001,5.6000000000000005,0.0,0,0,0,10.58240180882725,39.94746750000047
636,0.0,0.0,0.0,0.0,0.0,0.0,0.0,0.0,0.0,0,0,0,9.4043919699072,0.0
637,-1.9999999999999996,0.0,0.0,0.0,0.0,0.0,0.0,0.0,0.0,0,0,0,9.98800479936,0.0
638,2.5615528128088334,0.0,0.0,0.0,0.0,2.8,1.4,1.4,0.0,0,0,0,9.028365256679715,0.0
639,0.0,0.0,0.0,0.0,0.0,4.199999999999999,2.0999999999999996,2.0999999999999996,0.0,0,0,0,9.784329405491452,0.0
640,2.0000000000000004,1.0,0.0,1.0,0.0,9.9,4.9,5.0,0.0,0,0,0,10.167405659461474,29.5514299999968
641,-1.9999999999999996,1.0,0.0,1.0,0.0,4.199999999999999,2.0999999999999996,2.0999999999999996,0.0,0,0,0,9.97203357760896,40.351169999999144
642,2.0000000000000004,0.0,0.0,-106.49059464146023,-106.49059464146023,6.5,4.2,2.3,0.0,0,0,0,9.003116149052824,0.0
643,0.0,0.0,0.0,0.0,0.0,0.0,0.0,0.0,0.0,0,0,0,9.584807360254668,0.0
644,0.0,1.8477590650225733,2.4387260900637733,1.8477590650225733,0.0,17.9,10.2,7.700000000000001,-12.035211981507995,0,0,0,10.772479008886728,21.90628249999918
645,-1.9999999999999996,1.0,0.0,1.0,0.0,5.6,2.8,2.8,0.0,0,0,0,9.984009597440256,31.752470000005815
646,-1.9999999999999996,1.414213562373095,0.5151380471280699,1.414213562373095,0.0,4.3,2.9,1.4,-12.034449605146332,0,0,0,10.391520193254147,21.552865000003294
647,-1.9999999999999996,0.0,0.0,0.0,0.0,0.0,0.0,0.0,0.0,0,0,0,9.39686996103399,0.0
648,0.0,0.0,0.0,0.0,0.0,2.9,1.4,1.5,0.0,0,0,0,9.98001599360128,0.0
649,-1.9999999999999996,1.414213562373095,0.5151380471280704,1.414213562373095,0.0,5.6,2.8,2.8,0.0,0,0,0,9.976023987203838,9.6834849999982
650,2.0000000000000004,1.414213562373095,0.5151380471280705,1.414213562373095,0.0,7.0,3.5,3.5,0.0,0,0,0,10.379055356286873,17.84033999999565
651,-1.9999999999999996,1.414213562373095,0.5151380471280705,1.414213562373095,0.0,6.1,3.3000000000000003,2.8,0.0,0,0,0,10.59935059711923,16.94113000000243
652,-1.9999999999999996,1.414213562373095,2.5615528128088303,1.414213562373095,0.0,8.4,4.2,4.2,0.0,0,0,0,10.383208639742772,35.39574666666643
653,-1.9999999999999996,1.0,0.0,1.0,0.0,8.900000000000002,4.700000000000001,4.2,0.0,0,0,0,10.163338697197688,32.657570000001215
654,2.0000000000000004,1.8019377358048372,3.5447899691983737,1.8019377358048372,0.0,20.6,10.799999999999999,9.8,0.0,0,0,0,10.781102165642897,24.11009749999721
655,-1.9999999999999996,1.0,0.0,1.0,0.0,7.500000000000001,4.000000000000001,3.5,0.0,0,0,0,10.183689789389058,32.98757000000023
656,-1.9999999999999996,0.0,0.0,0.0,0.0,6.1,3.3000000000000003,2.8,0.0,0,0,0,9.78432940549145,0.0
657,0.0,0.0,0.0,0.0,0.0,0.1,0.0,0.1,0.0,0,0,0,9.988004799359999,0.0
658,-1.9999999999999996,1.7320508075688785,2.794669041199029,1.7320508075688785,0.0,11.700000000000003,6.100000000000001,5.6000000000000005,0.0,0,0,0,10.807013074017986,29.19832250000013
659,0.0,0.0,0.0,0.0,0.0,0.0,0.0,0.0,0.0,0,0,0,9.98800479936,0.0
660,0.0,1.0,0.0,1.0,0.0,4.199999999999999,2.0999999999999996,2.0999999999999996,0.0,0,0,0,9.984009597440256,14.306400000002668
661,0.0,0.0,0.0,0.0,0.0,0.0,0.0,0.0,0.0,0,0,0,9.988004799359999,0.0
662,0.0,0.0,0.0,0.0,0.0,2.8,1.4,1.4,0.0,0,0,0,10.187764895347202,0.0
663,-1.9999999999999996,0.0,0.0,0.0,0.0,0.0,0.0,0.0,0.0,0,0,0,9.389353968564354,0.0
664,-1.9999999999999996,0.0,0.0,0.0,0.0,1.4,0.7,0.7,0.0,0,0,0,9.984009597440256,0.0
665,-1.9999999999999996,0.0,0.0,0.0,0.0,0.0,0.0,0.0,0.0,0,0,0,9.4043919699072,0.0
666,3.2014723382192396,0.0,0.0,-149.52850062375896,-149.52850062375896,-1.0,0.0,-1.0,0.0,0,0,0,8.497425152664894,0.0
667,-1.9999999999999996,1.0,0.0,1.0,0.0,5.6,2.8,2.8,0.0,0,0,0,10.391520193254147,14.167750000000865
668,-1.9999999999999996,1.0,0.0,1.0,0.0,2.8,1.4,1.4,0.0,0,0,0,9.988004799359999,11.51011999999696
669,-1.9999999999999996,1.0,0.0,1.0,0.0,7.500000000000001,4.000000000000001,3.5,0.0,0,0,0,10.391520193254145,24.14606999999762
670,-6.461844948013606e-17,0.0,0.0,0.0,0.0,5.6,2.8,2.8,0.0,0,0,0,9.776503507459763,0.0
671,0.0,0.0,0.0,0.0,0.0,2.8,1.4,1.4,0.0,0,0,0,10.586636463412615,0.0
672,0.0,1.414213562373095,0.5151380471280704,1.414213562373095,0.0,7.0,3.5,3.5,0.0,0,0,0,10.383208639742776,19.15677500000129
673,-1.9999999999999996,0.0,0.0,-177.17095938518924,-177.17095938518924,-0.9,0.0,-0.9,0.0,0,0,0,9.208932561813308,0.0
674,1.5615528128088314,2.0000000000000004,2.5615528128088303,2.0000000000000004,0.0,9.8,4.9,4.9,0.0,0,0,28,10.171474249161134,14.142486666669356
675,-6.461844948013606e-17,0.0,0.0,0.0,0.0,0.0,0.0,0.0,0.0,0,0,0,10.391520193254145,0.0
676,-1.9999999999999996,1.414213562373095,2.5615528128088303,1.414213562373095,0.0,7.1,3.5,3.6,0.0,0,0,0,10.798369192680866,30.191716666665037
677,-1.9999999999999996,1.0,0.0,-85.57919178595814,-86.57919178595814,3.3,2.0999999999999996,1.2,0.0,0,0,0,9.98001599360128,48.67428999999902
678,-1.9999999999999996,1.0,0.0,1.0,0.0,1.4,0.7,0.7,0.0,0,0,0,10.1877648953472,19.608279999999922
679,-2.5615528128088303,0.0,0.0,0.0,0.0,0.0,0.0,0.0,0.0,0,0,0,10.1877648953472,0.0
680,-1.9999999999999996,1.0,0.0,1.0,0.0,1.4,0.7,0.7,0.0,0,0,0,9.788244703372799,18.94034000000147
681,-1.9999999999999996,0.0,0.0,0.0,0.0,1.4,0.7,0.7,0.0,0,0,0,9.98800479936,0.0
682,2.5615528128088303,0.0,0.0,0.0,0.0,0.0,0.0,0.0,0.0,0,0,0,8.494026182603827,0.0
683,6.271511792583067,3.015453677541283,3.752394538750104,-198.81543052616726,-201.83088420370854,23.299999999999997,12.399999999999997,10.899999999999999,0.0,0,1,25,8.612068567660556,35.991381250000245
684,0.0,0.0,0.0,0.0,0.0,2.8,1.4,1.4,0.0,0,0,0,9.984009597440256,0.0
685,0.0,0.0,0.0,0.0,0.0,0.0,0.0,0.0,0.0,0,0,0,9.788244703372799,0.0
686,-1.9999999999999996,4.245395298058151,5.915787001174646,4.245395298058151,0.0,28.499999999999993,14.499999999999995,13.999999999999996,0.0,0,1,78,13.431787541756394,27.25762785714291
687,3.0000000000000027,0.0,0.0,0.0,0.0,0.0,0.0,0.0,0.0,0,0,0,8.670841992515198,0.0
688,0.31907245193348793,5.179846462207915,4.245623106092238,5.179846462207915,0.0,19.6,9.8,9.8,0.0,0,1,24,11.679153158199577,30.639188333332946
689,0.0,1.0,0.0,1.0,0.0,1.4,0.7,0.7,0.0,0,0,0,10.39567846464,15.89879999999539
690,0.0,0.0,0.0,0.0,0.0,1.0,1.0,0.0,-2.0001477017625002,0,0,0,9.98800479936,0.0
691,-1.9999999999999996,1.0,0.0,1.0,0.0,1.4,0.7,0.7,0.0,0,0,0,10.187764895347202,27.346279999995886
692,2.0000000000000004,6.989913440162189,7.537401393061418,7.989913440162189,0.0,44.09999999999998,23.79999999999999,20.29999999999999,-9.003489224725659,1,6,147,15.68719038885698,23.896182916667023
693,2.0000000000000004,2.0000000000000004,2.5615528128088303,2.0000000000000004,0.0,8.4,4.2,4.2,0.0,0,0,0,10.366605471141643,15.73833000000074
694,-1.9999999999999996,1.618033988749894,2.0941737411149406,-89.81871877410609,-91.43675276285599,10.200000000000001,5.6000000000000005,4.6000000000000005,0.0,0,0,0,10.586636463412608,19.757223333332757
695,-1.9999999999999996,0.0,0.0,0.0,0.0,2.8,1.4,1.4,0.0,0,0,0,9.78432940549145,0.0
696,-1.9999999999999996,0.0,0.0,0.0,0.0,0.0,0.0,0.0,0.0,0,0,0,9.98800479936,0.0
697,-6.461844948013606e-17,1.0,0.0,1.0,0.0,9.8,4.9,4.9,0.0,0,0,0,9.768683868894355,0.42720999999914966
698,-6.461844948013606e-17,0.0,0.0,-95.99365012829772,-95.99365012829772,-1.0,0.0,-1.0,0.0,0,0,0,9.400630213119236,0.0
699,1.5615528128088314,0.0,0.0,-305.6045040235197,-305.6045040235197,-1.7999999999999998,0.0,-1.7999999999999998,0.0,0,0,0,9.024753910577042,0.0
700,-2.5615528128088303,0.0,0.0,0.0,0.0,0.0,0.0,0.0,0.0,0,0,0,10.18368978938906,0.0
701,2.0000000000000004,1.0,0.0,1.0,0.0,10.3,5.400000000000001,4.9,0.0,0,0,0,9.768683868894358,27.058870000000752
702,6.595354689524391,0.0,0.0,0.0,0.0,4.199999999999999,2.0999999999999996,2.0999999999999996,0.0,0,0,0,6.268407559043894,0.0
703,0.0,0.0,0.0,0.0,0.0,0.0,0.0,0.0,0.0,0,0,0,9.592479809305345,0.0
704,2.5615528128088307,2.2360679774997894,2.5615528128088303,2.2360679774997894,0.0,14.100000000000001,7.800000000000001,6.300000000000001,-15.08415299280863,0,0,0,10.143028274641974,22.607969999997692
705,0.0,0.0,0.0,0.0,0.0,0.0,0.0,0.0,0.0,0,0,0,9.400630213119236,0.0
706,2.0000000000000004,1.0,2.5615528128088303,1.0,0.0,9.8,4.9,4.9,0.0,0,0,0,10.379055356286875,27.567823333329976
707,0.0,1.0,0.0,1.0,0.0,5.6,2.8,2.8,0.0,0,0,0,10.179616313473305,11.822019999999611
708,-1.9999999999999996,0.0,0.0,0.0,0.0,1.4,0.7,0.7,0.0,0,0,0,9.98001599360128,0.0
709,1.5615528128088303,0.0,0.0,0.0,0.0,2.8,1.4,1.4,0.0,0,0,0,9.021144009012811,0.0
710,-1.9999999999999996,0.0,0.0,0.0,0.0,0.2,0.0,0.2,0.0,0,0,0,9.988004799359999,0.0
711,-1.9999999999999996,1.414213562373095,1.0,1.414213562373095,0.0,6.6,3.8000000000000003,2.8,-1.0000247848059585,0,0,0,10.387363585176843,11.03723500000001
712,0.0,0.0,0.0,0.0,0.0,4.199999999999999,2.0999999999999996,2.0999999999999996,0.0,0,0,0,10.391520193254147,0.0
713,0.0,0.0,0.0,0.0,0.0,0.0,0.0,0.0,0.0,0,0,0,10.1877648953472,0.0
714,2.0000000000000004,0.0,0.0,0.0,0.0,0.1,0.0,0.1,0.0,0,0,0,9.788244703372799,0.0
715,1.9999999999999993,0.0,0.0,0.0,0.0,2.8,1.4,1.4,0.0,0,0,0,9.768683868894355,0.0
716,0.0,0.0,0.0,0.0,0.0,2.8,1.4,1.4,0.0,0,0,0,10.1877648953472,0.0
717,-1.9999999999999996,0.0,0.0,0.0,0.0,2.8,1.4,1.4,0.0,0,0,0,9.988004799359999,0.0
718,-6.461844948013606e-17,0.0,0.0,0.0,0.0,0.0,0.0,0.0,0.0,0,0,0,9.4043919699072,0.0
719,2.0000000000000004,0.0,0.0,-145.02237724691238,-145.02237724691238,-1.0,0.0,-1.0,0.0,0,0,0,9.031978047898875,0.0
720,-1.9999999999999996,0.0,0.0,0.0,0.0,4.299999999999999,2.0999999999999996,2.1999999999999997,0.0,0,0,0,9.98001599360128,0.0
721,2.0000000000000004,0.0,0.0,0.0,0.0,2.8,1.4,1.4,0.0,0,0,0,9.780415673729252,0.0
722,0.0,2.0000000000000004,0.0,2.0000000000000004,0.0,7.0,3.5,3.5,0.0,0,0,28,9.968044764177918,10.14690499999972
723,0.0,0.0,0.0,0.0,0.0,1.4,0.7,0.7,0.0,0,0,0,10.1877648953472,0.0
724,2.0000000000000004,0.0,0.0,0.0,0.0,2.8,1.4,1.4,0.0,0,0,0,9.010322965773765,0.0
725,-1.9999999999999996,0.0,0.0,0.0,0.0,1.5,0.7,0.8,0.0,0,0,0,9.588642817381622,0.0
726,2.0000000000000004,0.0,0.0,0.0,0.0,0.0,0.0,0.0,0.0,0,0,0,9.580973437310567,0.0
727,0.0,0.0,0.0,0.0,0.0,0.0,0.0,0.0,0.0,0,0,0,9.98800479936,0.0
728,0.0,0.0,0.0,0.0,0.0,4.199999999999999,2.0999999999999996,2.0999999999999996,0.0,0,0,0,10.391520193254147,0.0
729,-1.9999999999999996,0.0,0.0,0.0,0.0,4.199999999999999,2.0999999999999996,2.0999999999999996,0.0,0,0,0,9.784329405491452,0.0
730,-1.9999999999999996,1.0,0.0,1.0,0.0,4.199999999999999,2.0999999999999996,2.0999999999999996,0.0,0,0,0,10.171474249161141,11.252980000003845
731,-1.9999999999999996,0.0,0.0,0.0,0.0,0.0,0.0,0.0,0.0,0,0,0,9.216304130509055,0.0
732,0.0,0.0,0.0,0.0,0.0,5.699999999999999,3.6,2.0999999999999996,-9.013975957998124,0,0,0,10.815663874611456,0.0
733,0.0,0.0,0.0,0.0,0.0,7.1,4.3,2.8,-16.084684775972,0,0,0,9.768683868894358,0.0
734,-1.9999999999999996,1.0,0.0,1.0,0.0,2.8,1.4,1.4,0.0,0,0,0,9.788244703372799,18.815969999996014
735,-1.9999999999999996,0.0,0.0,0.0,0.0,4.199999999999999,2.0999999999999996,2.0999999999999996,0.0,0,0,0,9.780415673729252,0.0
736,3.201472338219244,1.0,0.0,-88.72894857150304,-89.72894857150304,0.3999999999999999,0.7,-0.30000000000000004,0.0,0,0,0,9.205248988788583,21.13158999999996
737,0.0,3.7658180237288224,4.158845132355937,3.7658180237288224,0.0,15.400000000000002,7.700000000000001,7.700000000000001,0.0,0,2,49,11.931815674954683,30.32615666666667
738,0.0,0.0,0.0,-156.06296732835352,-156.06296732835352,-1.9,0.0,-1.9,0.0,0,0,0,9.984009597440252,0.0
739,0.0,1.6180339887498933,1.919110689760913,1.6180339887498933,0.0,9.8,4.9,4.9,0.0,0,0,0,10.81133760906161,28.668616666667127
740,-1.9999999999999996,0.0,0.0,0.0,0.0,0.0,0.0,0.0,0.0,0,0,0,9.596318336640001,0.0
741,0.0,1.0,2.5615528128088303,1.0,0.0,5.199999999999999,3.1,2.0999999999999996,14.059575974534894,0,0,0,10.395678464640001,17.997235000000273
742,-1.9999999999999996,1.0,0.0,1.0,0.0,4.199999999999999,2.0999999999999996,2.0999999999999996,0.0,0,0,0,9.78432940549145,35.449359999997796
743,0.0,1.414213562373095,2.5615528128088303,1.414213562373095,0.0,5.6,2.8,2.8,0.0,0,0,0,10.391520193254145,20.228763333332914
744,0.0,0.0,0.0,0.0,0.0,1.0,1.0,0.0,15.06022873851636,0,0,0,10.391520193254147,0.0
745,2.5615528128088294,1.0,0.0,1.0,0.0,3.4000000000000004,2.7,0.7,-27.136986469939703,0,0,0,9.024753910577042,20.194910000000164
746,2.0,1.414213562373095,2.5615528128088303,1.414213562373095,0.0,15.000000000000004,8.000000000000002,7.000000000000001,-12.03599986293941,0,0,0,11.225637406958445,27.05608000000055
747,0.0,0.0,0.0,0.0,0.0,0.0,0.0,0.0,0.0,0,0,0,9.784329405491452,0.0
748,3.903991015786048,1.0,0.0,1.0,0.0,8.5,4.2,4.3,0.0,0,0,0,8.988719803901274,21.697860000000446
749,0.0,2.170086486626034,3.0000000000000013,2.170086486626034,0.0,8.0,4.5,3.5,2.000236944373288,0,1,0,11.027564361242845,22.178109999999833
750,2.0000000000000004,1.0,0.0,1.0,0.0,5.8,2.8,3.0,0.0,0,0,0,9.374340013591029,24.31469000000334
751,2.0000000000000004,1.0,0.0,1.0,0.0,6.1,3.3000000000000003,2.8,0.0,0,0,0,9.980015993601283,97.41688999999496
752,4.127138769285831,2.536466958149325,4.45875674657961,2.536466958149325,0.0,17.400000000000002,9.700000000000001,7.700000000000001,-17.224150955170025,0,0,53,10.147087109485769,28.490810000001993
753,0.0,2.2283282159466347,2.9999999999999996,2.2283282159466347,0.0,9.8,4.9,4.9,0.0,0,1,0,11.2481156484677,20.83610666666649
754,-1.9999999999999996,0.0,0.0,0.0,0.0,0.0,0.0,0.0,0.0,0,0,0,9.596318336640001,0.0
755,-1.9999999999999996,1.0,0.0,1.0,0.0,10.8,5.9,4.9,11.027772804273848,0,0,0,10.802690268788382,8.261249999999905
756,2.0000000000000004,1.0,0.0,1.0,0.0,6.2,3.3000000000000003,2.9,0.0,0,0,0,10.167405659461476,8.065959999999563
757,-2.000000000000001,0.0,0.0,0.0,0.0,0.0,0.0,0.0,0.0,0,0,0,9.784329405491452,0.0
758,-1.9999999999999996,1.6180339887498942,1.919110689760912,1.6180339887498942,0.0,15.400000000000002,7.700000000000001,7.700000000000001,0.0,0,0,0,10.56970800553225,17.448256666666946
759,-1.9999999999999996,1.414213562373095,0.5151380471280704,1.414213562373095,0.0,9.8,4.9,4.9,0.0,0,0,0,10.374903734144361,43.042459999996936
760,-1.9999999999999996,2.214319743377534,3.0000000000000004,2.214319743377534,0.0,9.8,4.9,4.9,0.0,0,1,0,10.798369192680866,25.23866400000042
761,1.5615528128088296,0.0,0.0,0.0,0.0,0.0,0.0,0.0,0.0,0,0,0,9.580973437310567,0.0
762,1.5615528128088292,0.0,0.0,-42.962886910701,-42.962886910701,3.1999999999999993,2.0999999999999996,1.0999999999999996,0.0,0,0,0,9.013928537188642,0.0
763,4.000000000000001,1.0,2.5615528128088303,1.0,0.0,11.200000000000001,5.6000000000000005,5.6000000000000005,0.0,0,0,0,9.741364354966151,28.29624999999794
764,2.934925255612351,1.0,0.0,1.0,0.0,2.8,1.4,1.4,0.0,0,0,0,8.667373655718192,22.661880000000565
765,-1.9999999999999996,0.0,0.0,0.0,0.0,0.0,0.0,0.0,0.0,0,0,0,9.984009597440256,0.0
766,0.0,0.0,0.0,0.0,0.0,2.8,1.4,1.4,0.0,0,0,0,9.984009597440256,0.0
767,4.000000000000001,1.0,0.0,1.0,0.0,7.0,3.5,3.5,0.0,0,0,0,8.992316730593512,40.35312999999633
768,0.0,1.0,0.0,1.0,0.0,5.6,2.8,2.8,0.0,0,0,0,10.1877648953472,27.911879999990106
769,0.0,0.0,0.0,-186.3094963282907,-186.3094963282907,-1.0,0.0,-1.0,0.0,0,0,0,9.59631833664,0.0
770,5.1770653736182837e-17,0.0,0.0,0.0,0.0,4.299999999999999,2.0999999999999996,2.1999999999999997,0.0,0,0,0,10.175544466947917,0.0
771,0.0,0.0,0.0,0.0,0.0,0.0,0.0,0.0,0.0,0,0,0,9.400630213119236,0.0
772,-1.9999999999999996,0.0,0.0,0.0,0.0,0.0,0.0,0.0,0.0,0,0,0,9.010322965773767,0.0
773,-1.9999999999999996,0.0,0.0,0.0,0.0,4.3999999999999995,2.0999999999999996,2.3,0.0,0,0,0,9.776503507459763,0.0
774,0.0,1.0,0.0,1.0,0.0,1.4,0.7,0.7,0.0,0,0,0,9.776503507459761,20.975420000004306
775,0.0,0.0,0.0,0.0,0.0,1.4,0.7,0.7,0.0,0,0,0,9.7882447033728,0.0
776,2.5615528128088303,0.0,0.0,0.0,0.0,11.3,5.6000000000000005,5.7,0.0,0,0,0,9.190529425089245,0.0
777,3.372281323269015,1.414213562373095,0.5151380471280704,1.414213562373095,0.0,7.0,3.5,3.5,0.0,0,0,0,9.565653075092886,19.287300000000016
778,-0.45490409122352377,0.0,0.0,0.0,0.0,0.0,0.0,0.0,0.0,0,0,0,9.788244703372799,0.0
779,-1.9999999999999996,1.0,0.0,1.0,0.0,2.8,1.4,1.4,0.0,0,0,0,9.984009597440256,9.154689999999164
780,0.0,0.0,0.0,0.0,0.0,4.299999999999999,2.0999999999999996,2.1999999999999997,0.0,0,0,0,9.98800479936,0.0
781,0.0,3.039089991675104,4.764261885566892,3.039089991675104,0.0,16.800000000000004,8.400000000000002,8.400000000000002,0.0,0,1,53,12.423798078878256,19.739396250000283
782,2.0000000000000004,2.170086486626032,2.9999999999999987,2.170086486626032,0.0,15.400000000000002,7.700000000000001,7.700000000000001,0.0,0,1,0,10.569708005532245,21.359392000001208
783,-1.9999999999999996,1.0,0.0,1.0,0.0,1.4,0.7,0.7,0.0,0,0,0,9.98800479936,14.95546999999533
784,-1.9999999999999996,1.0,0.0,1.0,0.0,3.9,2.4,1.5,-14.059575974534894,0,0,0,10.6035920339328,15.319389999999622
785,2.0000000000000004,0.0,0.0,0.0,0.0,0.0,0.0,0.0,0.0,0,0,0,9.4043919699072,0.0
786,-1.9999999999999996,1.0,0.0,1.0,0.0,2.8,1.4,1.4,0.0,0,0,0,9.988004799359999,18.296199999995224
787,0.0,1.0,0.0,1.0,0.0,1.4,0.7,0.7,0.0,0,0,0,10.187764895347202,26.673159999998006
788,-1.9999999999999996,0.0,0.0,0.0,0.0,0.0,0.0,0.0,0.0,0,0,0,9.59631833664,0.0
789,0.0,1.414213562373095,0.5151380471280705,1.414213562373095,0.0,5.6,2.8,2.8,0.0,0,0,0,10.603592033932802,20.348350000001574
790,-1.9999999999999996,2.236067977499789,0.9999999999999997,2.236067977499789,0.0,9.8,4.9,4.9,0.0,0,0,27,10.590872812537626,16.87441333333633
791,0.0,0.0,0.0,-94.23150047183383,-94.23150047183383,6.1,3.5,2.6,0.0,0,0,0,9.968044764177916,0.0
792,-1.9999999999999996,1.0,0.0,1.0,0.0,1.4,0.7,0.7,0.0,0,0,0,10.183689789389058,16.688009999988935
793,0.0,0.0,0.0,0.0,0.0,5.699999999999999,2.8,2.9,0.0,0,0,0,10.18368978938906,0.0
794,0.0,0.0,0.0,0.0,0.0,0.1,0.0,0.1,0.0,0,0,0,10.1877648953472,0.0
795,-1.9999999999999996,1.0,0.0,1.0,0.0,1.4,0.7,0.7,0.0,0,0,0,9.98800479936,12.846519999998236
796,-6.461844948013606e-17,1.0,2.5615528128088303,1.0,0.0,2.9,1.4,1.5,0.0,0,0,0,10.18368978938906,7.529839999997421
797,-1.9999999999999996,0.0,0.0,0.0,0.0,9.8,4.9,4.9,0.0,0,0,0,10.383208639742776,0.0
798,1.5615528128088296,0.0,0.0,0.0,0.0,0.1,0.0,0.1,0.0,0,0,0,9.588642817381622,0.0
799,2.0000000000000004,0.0,0.0,0.0,0.0,0.0,0.0,0.0,0.0,0,0,0,8.840721128832556,0.0
800,0.0,1.0,0.0,1.0,0.0,7.1,4.3,2.8,-4.001375847388837,0,0,0,11.031977152103687,18.51005999999984
801,-6.461844948013606e-17,0.0,0.0,0.0,0.0,0.0,0.0,0.0,0.0,0,0,0,9.592479809305344,0.0
802,-1.9999999999999996,0.0,0.0,0.0,0.0,0.0,0.0,0.0,0.0,0,0,0,9.396869961033989,0.0
803,2.0000000000000004,2.0,0.0,2.0,0.0,9.9,4.9,5.0,0.0,0,0,0,9.749162124800053,33.45932000000175
804,1.5615528128088305,0.0,0.0,0.0,0.0,0.1,0.0,0.1,0.0,0,0,0,9.577141047935644,0.0
805,-1.9999999999999996,1.0,0.0,1.0,0.0,2.9,1.4,1.5,0.0,0,0,0,9.776503507459763,12.738540000000285
806,3.372281323269015,1.6180339887498942,2.09417374111494,1.6180339887498942,0.0,8.4,4.2,4.2,0.0,0,0,0,9.749162124800051,25.496266666667488
807,2.0000000000000004,0.0,0.0,0.0,0.0,1.4,0.7,0.7,0.0,0,0,0,9.201566889193067,0.0
808,2.0000000000000004,1.414213562373095,2.5615528128088303,1.414213562373095,0.0,14.500000000000002,7.500000000000001,7.000000000000001,0.0,0,0,0,11.009930841903868,29.504170000000443
809,0.0,0.0,0.0,0.0,0.0,4.199999999999999,2.0999999999999996,2.0999999999999996,0.0,0,0,0,9.984009597440254,0.0
810,4.236067977499787,0.0,0.0,0.0,0.0,5.699999999999999,2.8,2.9,0.0,0,0,0,9.19788626243739,0.0
811,0.0,1.618033988749894,1.9191106897609145,1.618033988749894,0.0,7.0,3.5,3.5,0.0,0,0,0,10.6035920339328,30.53371000000046
812,-2.5615528128088303,0.0,0.0,0.0,0.0,0.0,0.0,0.0,0.0,0,0,0,9.788244703372799,0.0
813,0.3190724519334883,0.0,0.0,0.0,0.0,2.9,1.4,1.5,0.0,0,0,0,9.588642817381622,0.0
814,-1.9999999999999996,1.0,0.0,1.0,0.0,5.6,2.8,2.8,0.0,0,0,0,10.391520193254145,17.982229999995525
815,0.0,1.0,0.0,1.0,0.0,9.8,4.9,4.9,0.0,0,0,0,10.379055356286875,25.935420000007525
816,0.0,2.488489984622657,2.3057182715769238,2.488489984622657,0.0,8.4,4.2,4.2,0.0,0,0,26,10.802690268788382,27.396150000000034
817,3.626198068527293,1.414213562373095,0.5151380471280704,-193.26110705391702,-194.67532061629012,7.4,4.2,3.1999999999999997,0.0,0,0,0,9.37059027758559,23.48273000000063
818,-1.9999999999999996,0.0,0.0,0.0,0.0,2.8,1.4,1.4,0.0,0,0,0,10.1877648953472,0.0
819,-6.461844948013606e-17,1.0,0.0,1.0,0.0,2.8,1.4,1.4,0.0,0,0,0,10.391520193254145,15.807770000001256
820,0.0,1.0,0.0,1.0,0.0,7.0,3.5,3.5,0.0,0,0,0,10.167405659461473,39.78196999999909
821,5.1770653736182837e-17,0.0,0.0,0.0,0.0,1.4,0.7,0.7,0.0,0,0,0,9.393111213049576,0.0
822,-1.9999999999999996,1.414213562373095,0.5151380471280705,1.414213562373095,0.0,5.6,2.8,2.8,0.0,0,0,0,10.391520193254147,11.729095000000598
823,-1.9999999999999996,0.0,0.0,0.0,0.0,5.6,2.8,2.8,0.0,0,0,0,10.179616313473304,0.0
824,-1.9999999999999996,0.0,0.0,-165.37812440922153,-165.37812440922153,-1.0,0.0,-1.0,0.0,0,0,0,9.21999212736,0.0
825,-2.000000000000001,0.0,0.0,-40.36279768255355,-40.36279768255355,-1.0,0.0,-1.0,0.0,0,0,0,9.21999212736,0.0
826,-1.9999999999999996,1.414213562373095,0.5151380471280699,1.414213562373095,0.0,4.199999999999999,2.0999999999999996,2.0999999999999996,0.0,0,0,0,9.98001599360128,18.972790000002533
827,0.49274902921175157,0.0,0.0,0.0,0.0,0.0,0.0,0.0,0.0,0,0,0,9.216304130509055,0.0
828,0.0,0.0,0.0,0.0,0.0,4.299999999999999,2.0999999999999996,2.1999999999999997,0.0,0,0,0,9.98001599360128,0.0
829,0.0,0.0,0.0,0.0,0.0,0.0,0.0,0.0,0.0,0,0,0,9.021144009012811,0.0
830,2.0000000000000004,1.414213562373095,0.5151380471280699,1.414213562373095,0.0,5.6,2.8,2.8,0.0,0,0,0,9.580973437310567,48.273044999999684
831,0.0,0.0,0.0,-112.29225064267203,-112.29225064267203,-1.0,0.0,-1.0,0.0,0,0,0,9.788244703372799,0.0
832,-1.9999999999999996,0.0,0.0,-151.59751961379973,-151.59751961379973,-1.0,0.0,-1.0,0.0,0,0,0,9.4043919699072,0.0
833,0.0,3.5997466825002955,5.7906309520051495,3.5997466825002955,0.0,19.3,10.899999999999999,8.400000000000002,0.003102747926053695,0,0,25,12.165583807658392,27.291366363636538
834,-1.9999999999999996,1.0,0.0,1.0,0.0,1.4,0.7,0.7,0.0,0,0,0,9.98800479936,38.0498500000067
835,-1.9999999999999996,3.3365623262737394,4.58023024852023,3.3365623262737394,0.0,19.200000000000003,10.1,9.100000000000001,0.0,0,0,26,11.927042948684697,29.77845333333385
